INSERT INTO USState (ID, Abbreviation, Caption) VALUES (1,  'AL', 'Alabama');
INSERT INTO USState (ID, Abbreviation, Caption) VALUES (2,  'AK', 'Alaska');
INSERT INTO USState (ID, Abbreviation, Caption) VALUES (3,  'AZ', 'Arizona');
INSERT INTO USState (ID, Abbreviation, Caption) VALUES (4,  'AR', 'Arkansas');
INSERT INTO USState (ID, Abbreviation, Caption) VALUES (5,  'CA', 'California');
INSERT INTO USState (ID, Abbreviation, Caption) VALUES (6,  'CO', 'Colorado');
INSERT INTO USState (ID, Abbreviation, Caption) VALUES (7,  'CT', 'Connecticut');
INSERT INTO USState (ID, Abbreviation, Caption) VALUES (8,  'DE', 'Delaware');
INSERT INTO USState (ID, Abbreviation, Caption) VALUES (9,  'FL', 'Florida');
INSERT INTO USState (ID, Abbreviation, Caption) VALUES (10, 'GA', 'Georgia');
INSERT INTO USState (ID, Abbreviation, Caption) VALUES (11, 'HI', 'Hawaii');
INSERT INTO USState (ID, Abbreviation, Caption) VALUES (12, 'ID', 'Idaho');
INSERT INTO USState (ID, Abbreviation, Caption) VALUES (13, 'IL', 'Illinois');
INSERT INTO USState (ID, Abbreviation, Caption) VALUES (14, 'IN', 'Indiana');
INSERT INTO USState (ID, Abbreviation, Caption) VALUES (15, 'IA', 'Iowa');
INSERT INTO USState (ID, Abbreviation, Caption) VALUES (16, 'KS', 'Kansas');
INSERT INTO USState (ID, Abbreviation, Caption) VALUES (17, 'KY', 'Kentucky');
INSERT INTO USState (ID, Abbreviation, Caption) VALUES (18, 'LA', 'Louisiana');
INSERT INTO USState (ID, Abbreviation, Caption) VALUES (19, 'ME', 'Maine');
INSERT INTO USState (ID, Abbreviation, Caption) VALUES (20, 'MD', 'Maryland');
INSERT INTO USState (ID, Abbreviation, Caption) VALUES (21, 'MA', 'Massachusetts');
INSERT INTO USState (ID, Abbreviation, Caption) VALUES (22, 'MI', 'Michigan');
INSERT INTO USState (ID, Abbreviation, Caption) VALUES (23, 'MN', 'Minnesota');
INSERT INTO USState (ID, Abbreviation, Caption) VALUES (24, 'MS', 'Mississippi');
INSERT INTO USState (ID, Abbreviation, Caption) VALUES (25, 'MO', 'Missouri');
INSERT INTO USState (ID, Abbreviation, Caption) VALUES (26, 'MT', 'Montana');
INSERT INTO USState (ID, Abbreviation, Caption) VALUES (27, 'NE', 'Nebraska');
INSERT INTO USState (ID, Abbreviation, Caption) VALUES (28, 'NV', 'Nevada');
INSERT INTO USState (ID, Abbreviation, Caption) VALUES (29, 'NH', 'New Hampshire');
INSERT INTO USState (ID, Abbreviation, Caption) VALUES (30, 'NJ', 'New Jersey');
INSERT INTO USState (ID, Abbreviation, Caption) VALUES (31, 'NM', 'New Mexico');
INSERT INTO USState (ID, Abbreviation, Caption) VALUES (32, 'NY', 'New York');
INSERT INTO USState (ID, Abbreviation, Caption) VALUES (33, 'NC', 'North Carolina');
INSERT INTO USState (ID, Abbreviation, Caption) VALUES (34, 'ND', 'North Dakota');
INSERT INTO USState (ID, Abbreviation, Caption) VALUES (35, 'OH', 'Ohio');
INSERT INTO USState (ID, Abbreviation, Caption) VALUES (36, 'OK', 'Oklahoma');
INSERT INTO USState (ID, Abbreviation, Caption) VALUES (37, 'OR', 'Oregon');
INSERT INTO USState (ID, Abbreviation, Caption) VALUES (38, 'PA', 'Pennsylvania');
INSERT INTO USState (ID, Abbreviation, Caption) VALUES (39, 'RI', 'Rhode Island');
INSERT INTO USState (ID, Abbreviation, Caption) VALUES (40, 'SC', 'South Carolina');
INSERT INTO USState (ID, Abbreviation, Caption) VALUES (41, 'SD', 'South Dakota');
INSERT INTO USState (ID, Abbreviation, Caption) VALUES (42, 'TN', 'Tennessee');
INSERT INTO USState (ID, Abbreviation, Caption) VALUES (43, 'TX', 'Texas');
INSERT INTO USState (ID, Abbreviation, Caption) VALUES (44, 'UT', 'Utah');
INSERT INTO USState (ID, Abbreviation, Caption) VALUES (45, 'VT', 'Vermont');
INSERT INTO USState (ID, Abbreviation, Caption) VALUES (46, 'VA', 'Virginia');
INSERT INTO USState (ID, Abbreviation, Caption) VALUES (47, 'WA', 'Washington');
INSERT INTO USState (ID, Abbreviation, Caption) VALUES (48, 'WV', 'West Virginia');
INSERT INTO USState (ID, Abbreviation, Caption) VALUES (49, 'WI', 'Wisconsin');
INSERT INTO USState (ID, Abbreviation, Caption) VALUES (50, 'WY', 'Wyoming');

INSERT INTO USState (ID, Abbreviation, Caption) VALUES (51,  'AS', 'American Samoa');
INSERT INTO USState (ID, Abbreviation, Caption) VALUES (52,  'DC', 'District of Columbia');
INSERT INTO USState (ID, Abbreviation, Caption) VALUES (53,  'FM', 'Federated States of Micronesia');
INSERT INTO USState (ID, Abbreviation, Caption) VALUES (54,  'GU', 'Guam');
INSERT INTO USState (ID, Abbreviation, Caption) VALUES (55,  'MH', 'Marshall Islands');
INSERT INTO USState (ID, Abbreviation, Caption) VALUES (56,  'MP', 'Northern Mariana Islands');
INSERT INTO USState (ID, Abbreviation, Caption) VALUES (57,  'PW', 'Palau');
INSERT INTO USState (ID, Abbreviation, Caption) VALUES (58,  'PR', 'Puerto Rico');
INSERT INTO USState (ID, Abbreviation, Caption) VALUES (59,  'VI', 'Virgin Islands');
--INSERT INTO USState (ID, Abbreviation, Caption) VALUES (60, '--', 'None');

INSERT INTO Franchise (ID, Caption) VALUES (1, 'Arby''s');
INSERT INTO Franchise (ID, Caption) VALUES (2, 'Auntie Anne''s');
INSERT INTO Franchise (ID, Caption) VALUES (3, 'Boston Market');
INSERT INTO Franchise (ID, Caption) VALUES (4, 'Burger King');
INSERT INTO Franchise (ID, Caption) VALUES (5, 'Dairy Queen');
INSERT INTO Franchise (ID, Caption) VALUES (6, 'Del Taco');
INSERT INTO Franchise (ID, Caption) VALUES (7, 'Domino''s Pizza');
INSERT INTO Franchise (ID, Caption) VALUES (8, 'El Pollo Loco');
INSERT INTO Franchise (ID, Caption) VALUES (9, 'Fuddruckers');
INSERT INTO Franchise (ID, Caption) VALUES (10, 'Jack in the Box');
INSERT INTO Franchise (ID, Caption) VALUES (11, 'KFC');
INSERT INTO Franchise (ID, Caption) VALUES (12, 'McDonald''s');
INSERT INTO Franchise (ID, Caption) VALUES (13, 'Other');
INSERT INTO Franchise (ID, Caption) VALUES (14, 'Panda Express');
INSERT INTO Franchise (ID, Caption) VALUES (15, 'Papa Johns');
INSERT INTO Franchise (ID, Caption) VALUES (16, 'Pizza Hut');
INSERT INTO Franchise (ID, Caption) VALUES (17, 'Popeyes');
INSERT INTO Franchise (ID, Caption) VALUES (18, 'Quiznos');
INSERT INTO Franchise (ID, Caption) VALUES (19, 'Sbarro');
INSERT INTO Franchise (ID, Caption) VALUES (20, 'Schlotzsky''s');
INSERT INTO Franchise (ID, Caption) VALUES (21, 'Sonic');
INSERT INTO Franchise (ID, Caption) VALUES (22, 'Subway');
INSERT INTO Franchise (ID, Caption) VALUES (23, 'Taco Bell');
INSERT INTO Franchise (ID, Caption) VALUES (24, 'Wendy''s');
--------------------------------------------------------------------------------

INSERT INTO ReportingWeek (ID, WeekDate) VALUES (1, '2009-09-21')
INSERT INTO ReportingWeek (ID, WeekDate) VALUES (2, '2009-09-28')
INSERT INTO ReportingWeek (ID, WeekDate) VALUES (3, '2009-10-12')

-- Data for table dbo.Company (LIMIT 0,500)
INSERT INTO Company (ID, RequestDate, Franchise, Caption, ReferredBy, EntityType, IncorporatedState, Accepted, Deleted) VALUES (1, '2009-09-21', 13, 'Basic Company', 'James Cameron', 'Co.', 32, 1, 0);
INSERT INTO Company (ID, RequestDate, Franchise, Caption, ReferredBy, EntityType, IncorporatedState, Accepted, Deleted) VALUES (2, '2009-09-21', 13, 'Demo Company', 'Jon Landau', 'Ltd.', 32, 1, 0)
INSERT INTO Company (ID, RequestDate, Franchise, Caption, ReferredBy, EntityType, IncorporatedState, Accepted, Deleted) VALUES (3, '2009-09-21', 13, 'Administration', 'Dave Kurak', 'Admin', 32, 1, 0);

INSERT INTO Finance (ID, Company, FiscalDate, FederalTaxID, StateTaxID, CityTaxID, CountyTaxID, StateRate, CityRate, CountryRate, RoyaltyRate, AdvertisingRate) VALUES (1, 1, '2009-12-31', '111', '111', '111', '111', 5, 1, 1, 0, 0);
INSERT INTO Finance (ID, Company, FiscalDate, FederalTaxID, StateTaxID, CityTaxID, CountyTaxID, StateRate, CityRate, CountryRate, RoyaltyRate, AdvertisingRate) VALUES (2, 2, '2009-12-31', '222', '222', '222', '222', 5, 1, 1, 0, 0);
INSERT INTO Finance (ID, Company, FiscalDate, FederalTaxID, StateTaxID, CityTaxID, CountyTaxID, StateRate, CityRate, CountryRate, RoyaltyRate, AdvertisingRate) VALUES (3, 3, '2009-12-31', '333', '333', '333', '333', 5, 1, 1, 0, 0);

INSERT INTO Service (ID, Company, DeliveryType, OtherContact, PayByCheck, PayByCreditCard, NameOnAccount, RoutingNumber, AccountNumber) VALUES (1, 1, 0, NULL, 1, 0, '12345', '5', '222444');
INSERT INTO Service (ID, Company, DeliveryType, OtherContact, PayByCheck, PayByCreditCard, NameOnAccount, RoutingNumber, AccountNumber) VALUES (2, 2, 0, NULL, 1, 0, '44555', '4', '444444');
INSERT INTO Service (ID, Company, DeliveryType, OtherContact, PayByCheck, PayByCreditCard, NameOnAccount, RoutingNumber, AccountNumber) VALUES (3, 3, 0, NULL, 1, 0, '66778', '8', '255444');

INSERT INTO Owner (ID, Company, FirstName, LastName, SharePercent, NumberOfShares, Profit, Loss, Deleted) VALUES (1, 1, 'James', 'Cameron', 90, 9000, 6, 0, 0);
INSERT INTO Owner (ID, Company, FirstName, LastName, SharePercent, NumberOfShares, Profit, Loss, Deleted) VALUES (2, 1, 'Samantha', 'Ballard', 10, 1000, 6, 0, 0);
INSERT INTO Owner (ID, Company, FirstName, LastName, SharePercent, NumberOfShares, Profit, Loss, Deleted) VALUES (3, 2, 'Fiona', 'Bloom', 60, 6000, 16, 3, 0);
INSERT INTO Owner (ID, Company, FirstName, LastName, SharePercent, NumberOfShares, Profit, Loss, Deleted) VALUES (4, 2, 'Mortimer', 'Gladstein', 40, 4000, 14, 1, 0);

-- Data for table dbo.Store (LIMIT 0,500)
INSERT INTO Store (ID, RequestDate, Franchise, Caption, IfOther, Number, Company, Accepted, Deleted) VALUES (1, '2009-09-21', 12, 'Basic New York', '8%', '55', 1, 1, 0)
INSERT INTO Store (ID, RequestDate, Franchise, Caption, IfOther, Number, Company, Accepted, Deleted) VALUES (2, '2009-09-21', 12, 'Basic Washington', '7%', '12', 1, 1, 0)
INSERT INTO Store (ID, RequestDate, Franchise, Caption, IfOther, Number, Company, Accepted, Deleted) VALUES (3, '2009-09-21', 16, 'Demo DaVinci', '7%', '2', 2, 1, 0)
INSERT INTO Store (ID, RequestDate, Franchise, Caption, IfOther, Number, Company, Accepted, Deleted) VALUES (4, '2009-09-21', 16, 'Demo Bistro', '8%', '3', 2, 1, 0)
-- Store for admin
INSERT INTO Store (ID, RequestDate, Franchise, Caption, IfOther, Number, Company, Accepted, Deleted) VALUES (5, '2009-09-21', 13, 'Admin Office', '0', '1', 3, 1, 0)

-- Data for table dbo.Contact (LIMIT 0,500)
-- Store 1
INSERT INTO Contact (ID, Caption, Address, City, Country, Email, Phone1, Phone2, Fax, State, Zip) VALUES (1, 'McDrive New York', '1224 Main Street', 'New York', 'USA', 'drive@gmail.com', '108-001-2345', '108-001-2345', '108-001-2345', 32, '5505')
-- Store 2
INSERT INTO Contact (ID, Caption, Address, City, Country, Email, Phone1, Phone2, Fax, State, Zip) VALUES (2, 'McDrive Washington', '345 West Avenue', 'Washington', 'USA', 'mc@usa.gov', '108-001-2346', '108-001-2346', '108-001-2346', 47, '77007')
-- Store 3
INSERT INTO Contact (ID, Caption, Address, City, Country, Email, Phone1, Phone2, Fax, State, Zip) VALUES (3, 'Pizza DaVinci', '20 Orlando Str.', 'New York', 'USA', 'pizzahut@pizza.us', '108-002-2222', '108-002-2233', '108-002-2233', 32, '00002')
-- Store 4
INSERT INTO Contact (ID, Caption, Address, City, Country, Email, Phone1, Phone2, Fax, State, Zip) VALUES (4, 'Pizza Bistro', '50 Ave/12.', 'Texas', 'USA', 'hut@gmail.com', '108-001-2345', '108-001-2345', '108-001-2345', 43, '77007')

-- User 1
INSERT INTO Contact (ID, Caption, Address, City, Country, Email, Phone1, Phone2, Fax, State, Zip) VALUES (5, 'First User', 'Pasichna Str.', 'Lviv', 'Ukraine', 'ihor@lviv.farlep.net', '050-570-1243', '032-240-5783', '032-240-5783', null, '79035')
-- User 2
INSERT INTO Contact (ID, Caption, Address, City, Country, Email, Phone1, Phone2, Fax, State, Zip) VALUES (6, 'Second User', '12 New Str.', 'New York', 'USA', 'ihorpod@gmail.com', '804-222-2222', '804-222-3333', '804-222-3333', null, '00002')
-- Admin
INSERT INTO Contact (ID, Caption, Address, City, Country, Email, Phone1, Phone2, Fax, State, Zip) VALUES (7, 'Main Admin', '13 Sicilia Str.', 'Rome', 'Italy', 'sicilia@popcorn.it', '805-022-2113', '805-022-2113', '805-022-2113', null, '89999')

-- Company 1
INSERT INTO Contact (ID, Caption, Address, City, Country, Email, Phone1, Phone2, Fax, State, Zip) VALUES (8, 'McDonald''s', '100 Business Ave.', 'New York', 'USA', 'office@mcdonalds.com', '800-123-4566', '800-123-4555', '800-123-4555', 32, '5505')
-- Company 2
INSERT INTO Contact (ID, Caption, Address, City, Country, Email, Phone1, Phone2, Fax, State, Zip) VALUES (9, 'Pizza Hut', '20 Orlando Str.', 'New York', 'USA', 'office@pizzahut.us', '800-222-2222', '800-222-3333', '800-222-3333', 32, '00002')
-- Company 3
INSERT INTO Contact (ID, Caption, Address, City, Country, Email, Phone1, Phone2, Fax, State, Zip) VALUES (10, 'Administration', '50 Ave/13.', 'Texas', 'USA', 'admin@hutpizza.com', '800-133-4555', '001-234-5789', '001-234-5789', 43, '77007')
-- Store 5 for Company 3 contact
INSERT INTO Contact (ID, Caption, Address, City, Country, Email, Phone1, Phone2, Fax, State, Zip) VALUES (11, 'Admin Office', '50 Ave/13.', 'Texas', 'USA', 'admin@hutpizza.com', '108-001-3345', '001-234-5789', '130-012-3457', 43, '77007')

-- Data for table dbo.CompanyContact (LIMIT 0,500)
INSERT INTO CompanyContact (Company, Contact, SequenceNumber) VALUES (1, 8, 0)
INSERT INTO CompanyContact (Company, Contact, SequenceNumber) VALUES (2, 9, 0)
INSERT INTO CompanyContact (Company, Contact, SequenceNumber) VALUES (3, 10, 0)

-- Data for table dbo.Page (LIMIT 0,500)
INSERT INTO Page (ID, Caption, URL, Role) VALUES (1, 'Account Management', 'management', 2)
INSERT INTO Page (ID, Caption, URL, Role) VALUES (2, 'Account Details', 'accountdetails', 2)
INSERT INTO Page (ID, Caption, URL, Role) VALUES (3, 'Create User', 'createuser', 2)
INSERT INTO Page (ID, Caption, URL, Role) VALUES (4, 'Quick Links', 'qlinks', 1)
INSERT INTO Page (ID, Caption, URL, Role) VALUES (5, 'Daily Summary', 'summary', 0)
INSERT INTO Page (ID, Caption, URL, Role) VALUES (6, 'Daily Summary - Edit', 'summaryconstruct', 0)
INSERT INTO Page (ID, Caption, URL, Role) VALUES (7, 'Purchase Journal', 'purchase', 0)
INSERT INTO Page (ID, Caption, URL, Role) VALUES (8, 'Inventory', 'inventoryview', 0)
INSERT INTO Page (ID, Caption, URL, Role) VALUES (9, 'Inventory - Edit', 'inventoryedit', 0)
INSERT INTO Page (ID, Caption, URL, Role) VALUES (10, 'Waste', 'waste', 0)
INSERT INTO Page (ID, Caption, URL, Role) VALUES (11, 'Performance Dashboard', 'performance', 0)
INSERT INTO Page (ID, Caption, URL, Role) VALUES (12, 'Profitability Tracker', 'profitability', 0)
INSERT INTO Page (ID, Caption, URL, Role) VALUES (13, 'File Manager', 'filemanager', 0)
INSERT INTO Page (ID, Caption, URL, Role) VALUES (14, 'My Account', 'myaccount', 0)

-- System pages, not for user access
INSERT INTO Page (ID, Caption, URL, Role) VALUES (15, 'Include of Account Details', 'accountdetailsbody', 3)
INSERT INTO Page (ID, Caption, URL, Role) VALUES (16, 'Include of Inventory View', 'inventoryviewbody', 3)
INSERT INTO Page (ID, Caption, URL, Role) VALUES (17, 'Include of Inventory Edit', 'inventoryeditbody', 3)
INSERT INTO Page (ID, Caption, URL, Role) VALUES (18, 'Dictionary itemList', 'itemList', 3)

INSERT INTO Page (ID, Caption, URL, Role) VALUES (19, 'Includes', 'bot', 3)
INSERT INTO Page (ID, Caption, URL, Role) VALUES (20, 'Includes', 'bottom', 3)
INSERT INTO Page (ID, Caption, URL, Role) VALUES (21, 'Includes', 'flyingpanels', 3)
INSERT INTO Page (ID, Caption, URL, Role) VALUES (22, 'Includes', 'menu', 3)
INSERT INTO Page (ID, Caption, URL, Role) VALUES (23, 'Includes', 'tooltip', 3)
INSERT INTO Page (ID, Caption, URL, Role) VALUES (24, 'Includes', 'topclient', 3)

-- Data for table dbo.Person (LIMIT 0,500)
INSERT INTO Person (ID, FirstName, LastName, Login, Password, Role, Company, Contact, Deleted) VALUES (1, 'First', 'User', 'user1', '202cb962ac59075b964b07152d234b70', 1, 1, 5, 0)
INSERT INTO Person (ID, FirstName, LastName, Login, Password, Role, Company, Contact, Deleted) VALUES (2, 'Second', 'User', 'user2', '202cb962ac59075b964b07152d234b70', 1, 2, 6, 0)
INSERT INTO Person (ID, FirstName, LastName, Login, Password, Role, Company, Contact, Deleted) VALUES (3, 'Main', 'Admin', 'admin', '21232f297a57a5a743894a0e4a801fc3', 2, 3, 7, 0)

-- Data for table dbo.PersonPage (LIMIT 0,500)
-- First user can edit all pages
INSERT INTO PersonPage (ID, Access, Page, Person) VALUES (1, 1, 5, 1)
INSERT INTO PersonPage (ID, Access, Page, Person) VALUES (2, 1, 6, 1)
INSERT INTO PersonPage (ID, Access, Page, Person) VALUES (3, 1, 7, 1)
INSERT INTO PersonPage (ID, Access, Page, Person) VALUES (4, 1, 8, 1)
INSERT INTO PersonPage (ID, Access, Page, Person) VALUES (5, 1, 9, 1)
INSERT INTO PersonPage (ID, Access, Page, Person) VALUES (6, 1, 10, 1)
INSERT INTO PersonPage (ID, Access, Page, Person) VALUES (7, 1, 11, 1)
INSERT INTO PersonPage (ID, Access, Page, Person) VALUES (8, 1, 12, 1)
INSERT INTO PersonPage (ID, Access, Page, Person) VALUES (9, 1, 13, 1)
INSERT INTO PersonPage (ID, Access, Page, Person) VALUES (10, 1, 14, 1)

-- Second user can not access to DS Edit(6) and Inventory Edit (9)
-- and FileManager (13) and Waste is disabled
INSERT INTO PersonPage (ID, Access, Page, Person) VALUES (11, 1, 5, 2)
INSERT INTO PersonPage (ID, Access, Page, Person) VALUES (12, 1, 7, 2)
INSERT INTO PersonPage (ID, Access, Page, Person) VALUES (13, 1, 8, 2)
-- INSERT INTO PersonPage (ID, Access, Page, Person) VALUES (14, 1, 10, 2)
INSERT INTO PersonPage (ID, Access, Page, Person) VALUES (15, 1, 11, 2)
INSERT INTO PersonPage (ID, Access, Page, Person) VALUES (16, 1, 12, 2)
INSERT INTO PersonPage (ID, Access, Page, Person) VALUES (17, 1, 14, 2)

-- Data for table dbo.PersonStore (LIMIT 0,500)
INSERT INTO PersonStore (Person, Store) VALUES (1, 1)
INSERT INTO PersonStore (Person, Store) VALUES (1, 2)
INSERT INTO PersonStore (Person, Store) VALUES (2, 3)
INSERT INTO PersonStore (Person, Store) VALUES (2, 4)

-- Data for table dbo.StoreContact (LIMIT 0,500)
INSERT INTO StoreContact (Store, Contact, SequenceNumber) VALUES (1, 1, 0)
INSERT INTO StoreContact (Store, Contact, SequenceNumber) VALUES (2, 2, 0)
INSERT INTO StoreContact (Store, Contact, SequenceNumber) VALUES (3, 3, 0)
INSERT INTO StoreContact (Store, Contact, SequenceNumber) VALUES (4, 4, 0)
INSERT INTO StoreContact (Store, Contact, SequenceNumber) VALUES (5, 11, 0)

-- Data for table dbo.SummaryCategory (LIMIT 0,500)
INSERT INTO SummaryCategory (ID, Caption, SequenceNumber, Deleted, Store) VALUES (1, 'Receipts and Adjustments', 1, 0, 2)
INSERT INTO SummaryCategory (ID, Caption, SequenceNumber, Deleted, Store) VALUES (2, 'Deposit Reconciliation', 2, 0, 2)
INSERT INTO SummaryCategory (ID, Caption, SequenceNumber, Deleted, Store) VALUES (3, 'Sales Breakdown', 3, 0, 2)
INSERT INTO SummaryCategory (ID, Caption, SequenceNumber, Deleted, Store) VALUES (4, 'Labor Summary', 4, 0, 2)

INSERT INTO SummaryCategory (ID, Caption, SequenceNumber, Deleted, Store) VALUES (5, 'Receipts and Adjustments', 1, 0, 1)
INSERT INTO SummaryCategory (ID, Caption, SequenceNumber, Deleted, Store) VALUES (6, 'Deposit Reconciliation', 2, 0, 1)
INSERT INTO SummaryCategory (ID, Caption, SequenceNumber, Deleted, Store) VALUES (7, 'Sales Breakdown', 3, 0, 1)
INSERT INTO SummaryCategory (ID, Caption, SequenceNumber, Deleted, Store) VALUES (8, 'Labor Summary', 4, 0, 1)

INSERT INTO SummaryCategory (ID, Caption, SequenceNumber, Deleted, Store) VALUES (9, 'Receipts and Adjustments', 1, 0, 3)
INSERT INTO SummaryCategory (ID, Caption, SequenceNumber, Deleted, Store) VALUES (10, 'Deposit Reconciliation', 2, 0, 3)
INSERT INTO SummaryCategory (ID, Caption, SequenceNumber, Deleted, Store) VALUES (11, 'Sales Breakdown', 3, 0, 3)
INSERT INTO SummaryCategory (ID, Caption, SequenceNumber, Deleted, Store) VALUES (12, 'Labor Summary', 4, 0, 3)

-- Data for table dbo.SummarySubCategory (LIMIT 0,500, 0)
INSERT INTO SummarySubCategory (ID, Caption, EditedName, SequenceNumber, ShowCaption, SummaryCategory, Deleted, BreakBefore) VALUES (1, 'Sales', '', 1, 0, 1, 0, 0)
INSERT INTO SummarySubCategory (ID, Caption, EditedName, SequenceNumber, ShowCaption, SummaryCategory, Deleted, BreakBefore) VALUES (2, 'Net Sales', '', 2, 0, 1, 0, 0)
INSERT INTO SummarySubCategory (ID, Caption, EditedName, SequenceNumber, ShowCaption, SummaryCategory, Deleted, BreakBefore) VALUES (3, 'Voids', 'Voids', 3, 1, 1, 0, 1)
INSERT INTO SummarySubCategory (ID, Caption, EditedName, SequenceNumber, ShowCaption, SummaryCategory, Deleted, BreakBefore) VALUES (4, 'Discounts', 'Discounts', 6, 1, 1, 0, 1)
INSERT INTO SummarySubCategory (ID, Caption, EditedName, SequenceNumber, ShowCaption, SummaryCategory, Deleted, BreakBefore) VALUES (5, 'Net Sales - Voids - Discounts', 'Net 3 (Net 2 - Discounts)', 7, 0, 1, 0, 1)
INSERT INTO SummarySubCategory (ID, Caption, EditedName, SequenceNumber, ShowCaption, SummaryCategory, Deleted, BreakBefore) VALUES (6, 'Sales Taxes', '', 9, 0, 1, 0, 1)
INSERT INTO SummarySubCategory (ID, Caption, EditedName, SequenceNumber, ShowCaption, SummaryCategory, Deleted, BreakBefore) VALUES (7, 'Sales Tax Adjustments', 'Sales Tax Adjustments', 10, 1, 1, 0, 0)
INSERT INTO SummarySubCategory (ID, Caption, EditedName, SequenceNumber, ShowCaption, SummaryCategory, Deleted, BreakBefore) VALUES (8, 'Gross Receipts', '', 11, 0, 1, 0, 1)
INSERT INTO SummarySubCategory (ID, Caption, EditedName, SequenceNumber, ShowCaption, SummaryCategory, Deleted, BreakBefore) VALUES (9, 'Adjustments', 'Adjustments', 12, 1, 1, 0, 1)
INSERT INTO SummarySubCategory (ID, Caption, EditedName, SequenceNumber, ShowCaption, SummaryCategory, Deleted, BreakBefore) VALUES (10, 'Net Receipts', '', 13, 0, 1, 0, 1)
INSERT INTO SummarySubCategory (ID, Caption, EditedName, SequenceNumber, ShowCaption, SummaryCategory, Deleted, BreakBefore) VALUES (11, 'Deposits', 'Deposits', 1, 1, 2, 0, 0)
INSERT INTO SummarySubCategory (ID, Caption, EditedName, SequenceNumber, ShowCaption, SummaryCategory, Deleted, BreakBefore) VALUES (12, 'Total Deposit', '', 2, 0, 2, 0, 1)
INSERT INTO SummarySubCategory (ID, Caption, EditedName, SequenceNumber, ShowCaption, SummaryCategory, Deleted, BreakBefore) VALUES (13, 'Cash Over / (Under)', '', 3, 0, 2, 0, 1)
INSERT INTO SummarySubCategory (ID, Caption, EditedName, SequenceNumber, ShowCaption, SummaryCategory, Deleted, BreakBefore) VALUES (14, 'Number of Transactions', 'Number of Transactions', 1, 1, 3, 0, 0)
INSERT INTO SummarySubCategory (ID, Caption, EditedName, SequenceNumber, ShowCaption, SummaryCategory, Deleted, BreakBefore) VALUES (15, 'Total Transactions', '', 2, 0, 3, 0, 0)
INSERT INTO SummarySubCategory (ID, Caption, EditedName, SequenceNumber, ShowCaption, SummaryCategory, Deleted, BreakBefore) VALUES (16, 'Sales by Type', 'Net 2 Sales by Type', 3, 1, 3, 0, 1)
INSERT INTO SummarySubCategory (ID, Caption, EditedName, SequenceNumber, ShowCaption, SummaryCategory, Deleted, BreakBefore) VALUES (17, 'Total Sales', '', 4, 0, 3, 0, 1)
INSERT INTO SummarySubCategory (ID, Caption, EditedName, SequenceNumber, ShowCaption, SummaryCategory, Deleted, BreakBefore) VALUES (19, 'Labor Hours', 'Labor Hours', 1, 1, 4, 0, 0)
INSERT INTO SummarySubCategory (ID, Caption, EditedName, SequenceNumber, ShowCaption, SummaryCategory, Deleted, BreakBefore) VALUES (20, 'Total Labor Hours', '', 2, 0, 4, 0, 1)
INSERT INTO SummarySubCategory (ID, Caption, EditedName, SequenceNumber, ShowCaption, SummaryCategory, Deleted, BreakBefore) VALUES (21, 'Labor Cost', 'Labor Cost', 3, 1, 4, 0, 1)
INSERT INTO SummarySubCategory (ID, Caption, EditedName, SequenceNumber, ShowCaption, SummaryCategory, Deleted, BreakBefore) VALUES (22, 'Total Labor Cost', 'Total Labor Cost', 4, 1, 4, 0, 1)
INSERT INTO SummarySubCategory (ID, Caption, EditedName, SequenceNumber, ShowCaption, SummaryCategory, Deleted, BreakBefore) VALUES (24, 'Labor Cost / Sales', 'Labor Cost / Net 2 Sales', 7, 1, 4, 0, 1)
INSERT INTO SummarySubCategory (ID, Caption, EditedName, SequenceNumber, ShowCaption, SummaryCategory, Deleted, BreakBefore) VALUES (25, 'Net Sales - Voids', '', 4, 0, 1, 0, 1)
INSERT INTO SummarySubCategory (ID, Caption, EditedName, SequenceNumber, ShowCaption, SummaryCategory, Deleted, BreakBefore) VALUES (26, 'WTD Net Sales - Voids', '', 5, 0, 1, 0, 1)
INSERT INTO SummarySubCategory (ID, Caption, EditedName, SequenceNumber, ShowCaption, SummaryCategory, Deleted, BreakBefore) VALUES (27, 'WTD Net Sales - Voids', '', 8, 0, 1, 0, 0)
INSERT INTO SummarySubCategory (ID, Caption, EditedName, SequenceNumber, ShowCaption, SummaryCategory, Deleted, BreakBefore) VALUES (28, 'Sales / Transactions', 'Net 2 Sales Per Transaction', 6, 1, 3, 0, 1)
INSERT INTO SummarySubCategory (ID, Caption, EditedName, SequenceNumber, ShowCaption, SummaryCategory, Deleted, BreakBefore) VALUES (29, 'Labor Cost / Labor Hours', 'Average Labor Cost Per Hour', 6, 1, 4, 0, 1)

INSERT INTO SummarySubCategory (ID, Caption, EditedName, SequenceNumber, ShowCaption, SummaryCategory, Deleted, BreakBefore) VALUES (30, 'Sales', '', 1, 0, 5, 0, 0)
INSERT INTO SummarySubCategory (ID, Caption, EditedName, SequenceNumber, ShowCaption, SummaryCategory, Deleted, BreakBefore) VALUES (31, 'Net Sales', '', 2, 0, 5, 0, 0)
INSERT INTO SummarySubCategory (ID, Caption, EditedName, SequenceNumber, ShowCaption, SummaryCategory, Deleted, BreakBefore) VALUES (32, 'Voids', 'Voids', 3, 1, 5, 0, 1)
INSERT INTO SummarySubCategory (ID, Caption, EditedName, SequenceNumber, ShowCaption, SummaryCategory, Deleted, BreakBefore) VALUES (33, 'Discounts', 'Discounts', 6, 1, 5, 0, 1)
INSERT INTO SummarySubCategory (ID, Caption, EditedName, SequenceNumber, ShowCaption, SummaryCategory, Deleted, BreakBefore) VALUES (34, 'Net Sales - Voids - Discounts', 'Net 3 (Net 2 - Discounts)', 7, 0, 5, 0, 1)
INSERT INTO SummarySubCategory (ID, Caption, EditedName, SequenceNumber, ShowCaption, SummaryCategory, Deleted, BreakBefore) VALUES (35, 'Sales Taxes', '', 9, 0, 5, 0, 1)
INSERT INTO SummarySubCategory (ID, Caption, EditedName, SequenceNumber, ShowCaption, SummaryCategory, Deleted, BreakBefore) VALUES (36, 'Sales Tax Adjustments', 'Sales Tax Adjustments', 10, 1, 5, 0, 0)
INSERT INTO SummarySubCategory (ID, Caption, EditedName, SequenceNumber, ShowCaption, SummaryCategory, Deleted, BreakBefore) VALUES (37, 'Gross Receipts', '', 11, 0, 5, 0, 1)
INSERT INTO SummarySubCategory (ID, Caption, EditedName, SequenceNumber, ShowCaption, SummaryCategory, Deleted, BreakBefore) VALUES (38, 'Adjustments', 'Adjustments', 12, 1, 5, 0, 1)
INSERT INTO SummarySubCategory (ID, Caption, EditedName, SequenceNumber, ShowCaption, SummaryCategory, Deleted, BreakBefore) VALUES (39, 'Net Receipts', '', 13, 0, 5, 0, 1)
INSERT INTO SummarySubCategory (ID, Caption, EditedName, SequenceNumber, ShowCaption, SummaryCategory, Deleted, BreakBefore) VALUES (40, 'Deposits', 'Deposits', 1, 1, 6, 0, 0)
INSERT INTO SummarySubCategory (ID, Caption, EditedName, SequenceNumber, ShowCaption, SummaryCategory, Deleted, BreakBefore) VALUES (41, 'Total Deposit', '', 2, 0, 6, 0, 1)
INSERT INTO SummarySubCategory (ID, Caption, EditedName, SequenceNumber, ShowCaption, SummaryCategory, Deleted, BreakBefore) VALUES (42, 'Cash Over / (Under)', '', 3, 0, 6, 0, 1)
INSERT INTO SummarySubCategory (ID, Caption, EditedName, SequenceNumber, ShowCaption, SummaryCategory, Deleted, BreakBefore) VALUES (43, 'Number of Transactions', 'Number of Transactions', 1, 1, 7, 0, 0)
INSERT INTO SummarySubCategory (ID, Caption, EditedName, SequenceNumber, ShowCaption, SummaryCategory, Deleted, BreakBefore) VALUES (44, 'Total Transactions', '', 2, 0, 7, 0, 0)
INSERT INTO SummarySubCategory (ID, Caption, EditedName, SequenceNumber, ShowCaption, SummaryCategory, Deleted, BreakBefore) VALUES (45, 'Sales by Type', 'Net 2 Sales by Type', 3, 1, 7, 0, 1)
INSERT INTO SummarySubCategory (ID, Caption, EditedName, SequenceNumber, ShowCaption, SummaryCategory, Deleted, BreakBefore) VALUES (46, 'Total Sales', '', 4, 0, 7, 0, 1)
INSERT INTO SummarySubCategory (ID, Caption, EditedName, SequenceNumber, ShowCaption, SummaryCategory, Deleted, BreakBefore) VALUES (47, 'Labor Hours', 'Labor Hours', 1, 1, 8, 0, 0)
INSERT INTO SummarySubCategory (ID, Caption, EditedName, SequenceNumber, ShowCaption, SummaryCategory, Deleted, BreakBefore) VALUES (48, 'Total Labor Hours', '', 2, 0, 8, 0, 1)
INSERT INTO SummarySubCategory (ID, Caption, EditedName, SequenceNumber, ShowCaption, SummaryCategory, Deleted, BreakBefore) VALUES (49, 'Labor Cost', 'Labor Cost', 3, 1, 8, 0, 1)
INSERT INTO SummarySubCategory (ID, Caption, EditedName, SequenceNumber, ShowCaption, SummaryCategory, Deleted, BreakBefore) VALUES (50, 'Total Labor Cost', 'Total Labor Cost', 4, 1, 8, 0, 1)
INSERT INTO SummarySubCategory (ID, Caption, EditedName, SequenceNumber, ShowCaption, SummaryCategory, Deleted, BreakBefore) VALUES (51, 'Labor Cost / Sales', 'Labor Cost / Net 2 Sales', 7, 1, 8, 0, 1)
INSERT INTO SummarySubCategory (ID, Caption, EditedName, SequenceNumber, ShowCaption, SummaryCategory, Deleted, BreakBefore) VALUES (52, 'Net Sales - Voids', '', 4, 0, 5, 0, 1)
INSERT INTO SummarySubCategory (ID, Caption, EditedName, SequenceNumber, ShowCaption, SummaryCategory, Deleted, BreakBefore) VALUES (53, 'WTD Net Sales - Voids', '', 5, 0, 5, 0, 1)
INSERT INTO SummarySubCategory (ID, Caption, EditedName, SequenceNumber, ShowCaption, SummaryCategory, Deleted, BreakBefore) VALUES (54, 'WTD Net Sales - Voids', '', 8, 0, 5, 0, 0)
INSERT INTO SummarySubCategory (ID, Caption, EditedName, SequenceNumber, ShowCaption, SummaryCategory, Deleted, BreakBefore) VALUES (55, 'Sales / Transactions', 'Net 2 Sales Per Transaction', 6, 1, 7, 0, 1)
INSERT INTO SummarySubCategory (ID, Caption, EditedName, SequenceNumber, ShowCaption, SummaryCategory, Deleted, BreakBefore) VALUES (56, 'Labor Cost / Labor Hours', 'Average Labor Cost Per Hour', 6, 1, 8, 0, 1)

INSERT INTO SummarySubCategory (ID, Caption, EditedName, SequenceNumber, ShowCaption, SummaryCategory, Deleted, BreakBefore) VALUES (57, 'Sales', '', 1, 0, 9, 0, 0)
INSERT INTO SummarySubCategory (ID, Caption, EditedName, SequenceNumber, ShowCaption, SummaryCategory, Deleted, BreakBefore) VALUES (58, 'Net Sales', '', 2, 0, 9, 0, 0)
INSERT INTO SummarySubCategory (ID, Caption, EditedName, SequenceNumber, ShowCaption, SummaryCategory, Deleted, BreakBefore) VALUES (59, 'Voids', 'Voids', 3, 1, 9, 0, 1)
INSERT INTO SummarySubCategory (ID, Caption, EditedName, SequenceNumber, ShowCaption, SummaryCategory, Deleted, BreakBefore) VALUES (60, 'Discounts', 'Discounts', 6, 1, 9, 0, 1)
INSERT INTO SummarySubCategory (ID, Caption, EditedName, SequenceNumber, ShowCaption, SummaryCategory, Deleted, BreakBefore) VALUES (61, 'Net Sales - Voids - Discounts', 'Net 3 (Net 2 - Discounts)', 7, 0, 9, 0, 1)
INSERT INTO SummarySubCategory (ID, Caption, EditedName, SequenceNumber, ShowCaption, SummaryCategory, Deleted, BreakBefore) VALUES (62, 'Sales Taxes', '', 9, 0, 9, 0, 1)
INSERT INTO SummarySubCategory (ID, Caption, EditedName, SequenceNumber, ShowCaption, SummaryCategory, Deleted, BreakBefore) VALUES (63, 'Sales Tax Adjustments', 'Sales Tax Adjustments', 10, 1, 9, 0, 0)
INSERT INTO SummarySubCategory (ID, Caption, EditedName, SequenceNumber, ShowCaption, SummaryCategory, Deleted, BreakBefore) VALUES (64, 'Gross Receipts', '', 11, 0, 9, 0, 1)
INSERT INTO SummarySubCategory (ID, Caption, EditedName, SequenceNumber, ShowCaption, SummaryCategory, Deleted, BreakBefore) VALUES (65, 'Adjustments', 'Adjustments', 12, 1, 9, 0, 1)
INSERT INTO SummarySubCategory (ID, Caption, EditedName, SequenceNumber, ShowCaption, SummaryCategory, Deleted, BreakBefore) VALUES (66, 'Net Receipts', '', 13, 0, 9, 0, 1)
INSERT INTO SummarySubCategory (ID, Caption, EditedName, SequenceNumber, ShowCaption, SummaryCategory, Deleted, BreakBefore) VALUES (67, 'Deposits', 'Deposits', 1, 1, 10, 0, 0)
INSERT INTO SummarySubCategory (ID, Caption, EditedName, SequenceNumber, ShowCaption, SummaryCategory, Deleted, BreakBefore) VALUES (68, 'Total Deposit', '', 2, 0, 10, 0, 1)
INSERT INTO SummarySubCategory (ID, Caption, EditedName, SequenceNumber, ShowCaption, SummaryCategory, Deleted, BreakBefore) VALUES (69, 'Cash Over / (Under)', '', 3, 0, 10, 0, 1)
INSERT INTO SummarySubCategory (ID, Caption, EditedName, SequenceNumber, ShowCaption, SummaryCategory, Deleted, BreakBefore) VALUES (70, 'Number of Transactions', 'Number of Transactions', 1, 1, 11, 0, 0)
INSERT INTO SummarySubCategory (ID, Caption, EditedName, SequenceNumber, ShowCaption, SummaryCategory, Deleted, BreakBefore) VALUES (71, 'Total Transactions', '', 2, 0, 11, 0, 0)
INSERT INTO SummarySubCategory (ID, Caption, EditedName, SequenceNumber, ShowCaption, SummaryCategory, Deleted, BreakBefore) VALUES (72, 'Sales by Type', 'Net 2 Sales by Type', 3, 1, 11, 0, 1)
INSERT INTO SummarySubCategory (ID, Caption, EditedName, SequenceNumber, ShowCaption, SummaryCategory, Deleted, BreakBefore) VALUES (73, 'Total Sales', '', 4, 0, 11, 0, 1)
INSERT INTO SummarySubCategory (ID, Caption, EditedName, SequenceNumber, ShowCaption, SummaryCategory, Deleted, BreakBefore) VALUES (74, 'Labor Hours', 'Labor Hours', 1, 1, 12, 0, 0)
INSERT INTO SummarySubCategory (ID, Caption, EditedName, SequenceNumber, ShowCaption, SummaryCategory, Deleted, BreakBefore) VALUES (75, 'Total Labor Hours', '', 2, 0, 12, 0, 1)
INSERT INTO SummarySubCategory (ID, Caption, EditedName, SequenceNumber, ShowCaption, SummaryCategory, Deleted, BreakBefore) VALUES (76, 'Labor Cost', 'Labor Cost', 3, 1, 12, 0, 1)
INSERT INTO SummarySubCategory (ID, Caption, EditedName, SequenceNumber, ShowCaption, SummaryCategory, Deleted, BreakBefore) VALUES (77, 'Total Labor Cost', 'Total Labor Cost', 4, 1, 12, 0, 1)
INSERT INTO SummarySubCategory (ID, Caption, EditedName, SequenceNumber, ShowCaption, SummaryCategory, Deleted, BreakBefore) VALUES (78, 'Labor Cost / Sales', 'Labor Cost / Net 2 Sales', 7, 1, 12, 0, 1)
INSERT INTO SummarySubCategory (ID, Caption, EditedName, SequenceNumber, ShowCaption, SummaryCategory, Deleted, BreakBefore) VALUES (79, 'Net Sales - Voids', '', 4, 0, 9, 0, 1)
INSERT INTO SummarySubCategory (ID, Caption, EditedName, SequenceNumber, ShowCaption, SummaryCategory, Deleted, BreakBefore) VALUES (80, 'WTD Net Sales - Voids', '', 5, 0, 9, 0, 1)
INSERT INTO SummarySubCategory (ID, Caption, EditedName, SequenceNumber, ShowCaption, SummaryCategory, Deleted, BreakBefore) VALUES (81, 'WTD Net Sales - Voids', '', 8, 0, 9, 0, 0)
INSERT INTO SummarySubCategory (ID, Caption, EditedName, SequenceNumber, ShowCaption, SummaryCategory, Deleted, BreakBefore) VALUES (82, 'Sales / Transactions', 'Net 2 Sales Per Transaction', 6, 1, 11, 0, 1)
INSERT INTO SummarySubCategory (ID, Caption, EditedName, SequenceNumber, ShowCaption, SummaryCategory, Deleted, BreakBefore) VALUES (83, 'Labor Cost / Labor Hours', 'Average Labor Cost Per Hour', 6, 1, 12, 0, 1)

-- Data for table dbo.SummaryItem  (LIMIT 0,500, 0)
INSERT INTO SummaryItem (ID, AllowsException, Caption, EditedCaption, Formula, Pattern, PrevDaysDepended, SequenceNumber, SummarySubCategory, Deleted) VALUES (13, 0, 'Sales', 'Net 1', '', '$#,###,##0.00', 0, 0, 1, 0)
INSERT INTO SummaryItem (ID, AllowsException, Caption, EditedCaption, Formula, Pattern, PrevDaysDepended, SequenceNumber, SummarySubCategory, Deleted) VALUES (14, 0, 'WTD Net Sales', 'WTD Net 1', '${summaryController.dataSet.getSubCategoryData("Sales").getValue($day$)}', '$#,###,##0.00', 1, 0, 2, 0)
INSERT INTO SummaryItem (ID, AllowsException, Caption, EditedCaption, Formula, Pattern, PrevDaysDepended, SequenceNumber, SummarySubCategory, Deleted) VALUES (15, 0, 'Voided Sales', 'Manual Voids', '', '$#,###,##0.00', 0, 0, 3, 0)
INSERT INTO SummaryItem (ID, AllowsException, Caption, EditedCaption, Formula, Pattern, PrevDaysDepended, SequenceNumber, SummarySubCategory, Deleted) VALUES (16, 0, 'Rejected Credit Cards', 'Credit Cards Rejected', '', '$#,###,##0.00', 0, 1, 3, 0)
INSERT INTO SummaryItem (ID, AllowsException, Caption, EditedCaption, Formula, Pattern, PrevDaysDepended, SequenceNumber, SummarySubCategory, Deleted) VALUES (17, 0, 'Discount 1', '- Comp/Promo', '', '$#,###,##0.00', 0, 0, 4, 0)
INSERT INTO SummaryItem (ID, AllowsException, Caption, EditedCaption, Formula, Pattern, PrevDaysDepended, SequenceNumber, SummarySubCategory, Deleted) VALUES (18, 0, 'Discount 2', '- Net Coupon TL', '', '$#,###,##0.00', 0, 1, 4, 0)
INSERT INTO SummaryItem (ID, AllowsException, Caption, EditedCaption, Formula, Pattern, PrevDaysDepended, SequenceNumber, SummarySubCategory, Deleted) VALUES (19, 0, 'Discount 3', '- Net At-Combo', '', '$#,###,##0.00', 0, 2, 4, 0)
INSERT INTO SummaryItem (ID, AllowsException, Caption, EditedCaption, Formula, Pattern, PrevDaysDepended, SequenceNumber, SummarySubCategory, Deleted) VALUES (20, 0, 'Discount 4', '- $ Discounts', '', '$#,###,##0.00', 0, 3, 4, 0)
INSERT INTO SummaryItem (ID, AllowsException, Caption, EditedCaption, Formula, Pattern, PrevDaysDepended, SequenceNumber, SummarySubCategory, Deleted) VALUES (21, 0, 'Discount 5', ' - % Discounts', '', '$#,###,##0.00', 0, 4, 4, 0)
INSERT INTO SummaryItem (ID, AllowsException, Caption, EditedCaption, Formula, Pattern, PrevDaysDepended, SequenceNumber, SummarySubCategory, Deleted) VALUES (22, 0, 'Discount 6', '- Manager Meals', '', '$#,###,##0.00', 0, 5, 4, 0)
INSERT INTO SummaryItem (ID, AllowsException, Caption, EditedCaption, Formula, Pattern, PrevDaysDepended, SequenceNumber, SummarySubCategory, Deleted) VALUES (23, 0, 'Discount 7', '- Employee Meals', '', '$#,###,##0.00', 0, 6, 4, 0)
INSERT INTO SummaryItem (ID, AllowsException, Caption, EditedCaption, Formula, Pattern, PrevDaysDepended, SequenceNumber, SummarySubCategory, Deleted) VALUES (24, 0, 'Net Sales - Voids - Discounts', 'Net 3 (Net 2 - Discounts)', '${summaryController.dataSet.getSubCategoryData("Sales").getValue($day$) - summaryController.dataSet.getSubCategoryData("Voids").getValue($day$) - summaryController.dataSet.getSubCategoryData("Discounts").getValue($day$)}', '$#,###,##0.00', 0, 0, 5, 0)
INSERT INTO SummaryItem (ID, AllowsException, Caption, EditedCaption, Formula, Pattern, PrevDaysDepended, SequenceNumber, SummarySubCategory, Deleted) VALUES (25, 0, 'Net Sales - Voids', 'Net 2 (Net 1 - Manual voids)', '${summaryController.dataSet.getSubCategoryData("Sales").getValue($day$) - summaryController.dataSet.getSubCategoryData("Voids").getValue($day$)}', '$#,###,##0.00', 0, 0, 25, 0)
INSERT INTO SummaryItem (ID, AllowsException, Caption, EditedCaption, Formula, Pattern, PrevDaysDepended, SequenceNumber, SummarySubCategory, Deleted) VALUES (26, 0, 'WTD Net Sales - Voids', 'WTD Net 2', '${summaryController.dataSet.getSubCategoryData("Sales").getValue($day$) - summaryController.dataSet.getSubCategoryData("Voids").getValue($day$)}', '$#,###,##0.00', 1, 0, 26, 0)
INSERT INTO SummaryItem (ID, AllowsException, Caption, EditedCaption, Formula, Pattern, PrevDaysDepended, SequenceNumber, SummarySubCategory, Deleted) VALUES (35, 0, 'Sales Taxes', 'Sales Tax (Tax1)', '', '$#,###,##0.00', 0, 0, 6, 0)
INSERT INTO SummaryItem (ID, AllowsException, Caption, EditedCaption, Formula, Pattern, PrevDaysDepended, SequenceNumber, SummarySubCategory, Deleted) VALUES (36, 0, 'Voided Sales Taxes', 'Manual Voids Tax', '', '$#,###,##0.00', 0, 0, 7, 0)
INSERT INTO SummaryItem (ID, AllowsException, Caption, EditedCaption, Formula, Pattern, PrevDaysDepended, SequenceNumber, SummarySubCategory, Deleted) VALUES (37, 0, 'Rejected Credit Card Taxes', 'Credit Cards Rejected Tax', '', '$#,###,##0.00', 0, 1, 7, 0)
INSERT INTO SummaryItem (ID, AllowsException, Caption, EditedCaption, Formula, Pattern, PrevDaysDepended, SequenceNumber, SummarySubCategory, Deleted) VALUES (38, 0, 'Gross Receipts', 'Gross Receipts (Net 3 + Tax 2)', '${summaryController.dataSet.getSubCategoryData("Net Sales - Voids - Discounts").getValue($day$)+summaryController.dataSet.getSubCategoryData("Sales Taxes").getValue($day$)-summaryController.dataSet.getSubCategoryData("Sales Tax Adjustments").getValue($day$)}', '$#,###,##0.00', 0, 0, 8, 0)
INSERT INTO SummaryItem (ID, AllowsException, Caption, EditedCaption, Formula, Pattern, PrevDaysDepended, SequenceNumber, SummarySubCategory, Deleted) VALUES (39, 0, 'Adjustment 1', 'Gift Card Activated (Refunds)', '', '$#,###,##0.00', 0, 0, 9, 0)
INSERT INTO SummaryItem (ID, AllowsException, Caption, EditedCaption, Formula, Pattern, PrevDaysDepended, SequenceNumber, SummarySubCategory, Deleted) VALUES (40, 0, 'Adjustment 2', 'Driver Tips Credit Cards', '', '$#,###,##0.00', 0, 1, 9, 0)
INSERT INTO SummaryItem (ID, AllowsException, Caption, EditedCaption, Formula, Pattern, PrevDaysDepended, SequenceNumber, SummarySubCategory, Deleted) VALUES (41, 0, 'Adjustment 3', 'In-House Tips Credit Cards', '', '$#,###,##0.00', 0, 2, 9, 0)
INSERT INTO SummaryItem (ID, AllowsException, Caption, EditedCaption, Formula, Pattern, PrevDaysDepended, SequenceNumber, SummarySubCategory, Deleted) VALUES (42, 0, 'Adjustment 4', 'House Account Tips (Delivery)', '', '$#,###,##0.00', 0, 3, 9, 0)
INSERT INTO SummaryItem (ID, AllowsException, Caption, EditedCaption, Formula, Pattern, PrevDaysDepended, SequenceNumber, SummarySubCategory, Deleted) VALUES (43, 0, 'Adjustment 5', 'Paper Purchased', '', '$#,###,##0.00', 0, 4, 9, 0)
INSERT INTO SummaryItem (ID, AllowsException, Caption, EditedCaption, Formula, Pattern, PrevDaysDepended, SequenceNumber, SummarySubCategory, Deleted) VALUES (44, 0, 'Adjustment 6', 'Food Purchased', '', '$#,###,##0.00', 0, 5, 9, 0)
INSERT INTO SummaryItem (ID, AllowsException, Caption, EditedCaption, Formula, Pattern, PrevDaysDepended, SequenceNumber, SummarySubCategory, Deleted) VALUES (45, 0, 'Adjustment 7', 'Office Supplies', '', '$#,###,##0.00', 0, 6, 9, 0)
INSERT INTO SummaryItem (ID, AllowsException, Caption, EditedCaption, Formula, Pattern, PrevDaysDepended, SequenceNumber, SummarySubCategory, Deleted) VALUES (46, 0, 'Adjustment 8', 'Operating Supplies', '', '$#,###,##0.00', 0, 7, 9, 0)
INSERT INTO SummaryItem (ID, AllowsException, Caption, EditedCaption, Formula, Pattern, PrevDaysDepended, SequenceNumber, SummarySubCategory, Deleted) VALUES (47, 0, 'Adjustment 9', 'Operating Services', '', '$#,###,##0.00', 0, 8, 9, 0)
INSERT INTO SummaryItem (ID, AllowsException, Caption, EditedCaption, Formula, Pattern, PrevDaysDepended, SequenceNumber, SummarySubCategory, Deleted) VALUES (48, 0, 'Adjustment 10', 'Laundry', '', '$#,###,##0.00', 0, 9, 9, 0)
INSERT INTO SummaryItem (ID, AllowsException, Caption, EditedCaption, Formula, Pattern, PrevDaysDepended, SequenceNumber, SummarySubCategory, Deleted) VALUES (49, 0, 'Adjustment 11', 'Maintainance', '', '$#,###,##0.00', 0, 10, 9, 0)
INSERT INTO SummaryItem (ID, AllowsException, Caption, EditedCaption, Formula, Pattern, PrevDaysDepended, SequenceNumber, SummarySubCategory, Deleted) VALUES (50, 0, 'Adjustment 12', 'Driver Reimbursement', '', '$#,###,##0.00', 0, 11, 9, 0)
INSERT INTO SummaryItem (ID, AllowsException, Caption, EditedCaption, Formula, Pattern, PrevDaysDepended, SequenceNumber, SummarySubCategory, Deleted) VALUES (51, 0, 'Adjustment 13', 'Tips Paid', '', '$#,###,##0.00', 0, 12, 9, 0)
INSERT INTO SummaryItem (ID, AllowsException, Caption, EditedCaption, Formula, Pattern, PrevDaysDepended, SequenceNumber, SummarySubCategory, Deleted) VALUES (52, 0, 'Adjustment 14', 'House Accounts', '', '$#,###,##0.00', 0, 13, 9, 0)
INSERT INTO SummaryItem (ID, AllowsException, Caption, EditedCaption, Formula, Pattern, PrevDaysDepended, SequenceNumber, SummarySubCategory, Deleted) VALUES (53, 0, 'Adjustment 15', 'Corporate Gift Certificates', '', '$#,###,##0.00', 0, 14, 9, 0)
INSERT INTO SummaryItem (ID, AllowsException, Caption, EditedCaption, Formula, Pattern, PrevDaysDepended, SequenceNumber, SummarySubCategory, Deleted) VALUES (54, 0, 'Adjustment 16', 'Refunds', '', '$#,###,##0.00', 0, 15, 9, 0)
INSERT INTO SummaryItem (ID, AllowsException, Caption, EditedCaption, Formula, Pattern, PrevDaysDepended, SequenceNumber, SummarySubCategory, Deleted) VALUES (55, 0, 'Adjustment 17', 'Other', '', '$#,###,##0.00', 0, 16, 9, 0)
INSERT INTO SummaryItem (ID, AllowsException, Caption, EditedCaption, Formula, Pattern, PrevDaysDepended, SequenceNumber, SummarySubCategory, Deleted) VALUES (56, 0, 'Net Receipts', 'Net Receipts', '${summaryController.dataSet.getSubCategoryData("Gross Receipts").getValue($day$)-summaryController.dataSet.getSubCategoryData("Adjustments").getValue($day$)}', '$#,###,##0.00', 0, 0, 10, 0)
INSERT INTO SummaryItem (ID, AllowsException, Caption, EditedCaption, Formula, Pattern, PrevDaysDepended, SequenceNumber, SummarySubCategory, Deleted) VALUES (57, 0, 'Deposit 1', 'Bank Deposits Check/Cash', '', '$#,###,##0.00', 0, 0, 11, 0)
INSERT INTO SummaryItem (ID, AllowsException, Caption, EditedCaption, Formula, Pattern, PrevDaysDepended, SequenceNumber, SummarySubCategory, Deleted) VALUES (58, 0, 'Deposit 2', 'Bank Deposits Check/Cash', '', '$#,###,##0.00', 0, 1, 11, 0)
INSERT INTO SummaryItem (ID, AllowsException, Caption, EditedCaption, Formula, Pattern, PrevDaysDepended, SequenceNumber, SummarySubCategory, Deleted) VALUES (59, 0, 'Deposit 3', 'Visa', '', '$#,###,##0.00', 0, 2, 11, 0)
INSERT INTO SummaryItem (ID, AllowsException, Caption, EditedCaption, Formula, Pattern, PrevDaysDepended, SequenceNumber, SummarySubCategory, Deleted) VALUES (60, 0, 'Deposit 4', 'Mastercard', '', '$#,###,##0.00', 0, 3, 11, 0)
INSERT INTO SummaryItem (ID, AllowsException, Caption, EditedCaption, Formula, Pattern, PrevDaysDepended, SequenceNumber, SummarySubCategory, Deleted) VALUES (61, 0, 'Deposit 5', 'Discover', '', '$#,###,##0.00', 0, 4, 11, 0)
INSERT INTO SummaryItem (ID, AllowsException, Caption, EditedCaption, Formula, Pattern, PrevDaysDepended, SequenceNumber, SummarySubCategory, Deleted) VALUES (62, 0, 'Deposit 6', 'AMEX', '', '$#,###,##0.00', 0, 5, 11, 0)
INSERT INTO SummaryItem (ID, AllowsException, Caption, EditedCaption, Formula, Pattern, PrevDaysDepended, SequenceNumber, SummarySubCategory, Deleted) VALUES (63, 0, 'Deposit 7', 'Gift Card Redeemed (Sales)', '', '$#,###,##0.00', 0, 6, 11, 0)
INSERT INTO SummaryItem (ID, AllowsException, Caption, EditedCaption, Formula, Pattern, PrevDaysDepended, SequenceNumber, SummarySubCategory, Deleted) VALUES (64, 0, 'Total Deposit', 'Total Deposit', '${summaryController.dataSet.getSubCategoryData("Deposits").getValue($day$)}', '$#,###,##0.00', 0, 0, 12, 0)
INSERT INTO SummaryItem (ID, AllowsException, Caption, EditedCaption, Formula, Pattern, PrevDaysDepended, SequenceNumber, SummarySubCategory, Deleted) VALUES (65, 0, 'Cash Over / (Under)', 'Cash Over / (Under)', '${summaryController.dataSet.getSubCategoryData("Deposits").getValue($day$)-summaryController.dataSet.getSubCategoryData("Net Receipts").getValue($day$)}', '$#,###,##0.00', 0, 0, 13, 0)
INSERT INTO SummaryItem (ID, AllowsException, Caption, EditedCaption, Formula, Pattern, PrevDaysDepended, SequenceNumber, SummarySubCategory, Deleted) VALUES (66, 0, 'Type 1', 'Store Transaction', '', '##0', 0, 0, 14, 0)
INSERT INTO SummaryItem (ID, AllowsException, Caption, EditedCaption, Formula, Pattern, PrevDaysDepended, SequenceNumber, SummarySubCategory, Deleted) VALUES (67, 0, 'Type 2', 'Deliver Transaction', '', '##0', 0, 1, 14, 0)
INSERT INTO SummaryItem (ID, AllowsException, Caption, EditedCaption, Formula, Pattern, PrevDaysDepended, SequenceNumber, SummarySubCategory, Deleted) VALUES (68, 0, 'Type 3', 'Catering Transaction', '', '##0', 0, 2, 14, 0)
INSERT INTO SummaryItem (ID, AllowsException, Caption, EditedCaption, Formula, Pattern, PrevDaysDepended, SequenceNumber, SummarySubCategory, Deleted) VALUES (69, 0, 'Total Transactions', 'Total Transactions', '${summaryController.dataSet.getSubCategoryData("Number of Transactions").getValue($day$)}', '##0', 0, 0, 15, 0)
INSERT INTO SummaryItem (ID, AllowsException, Caption, EditedCaption, Formula, Pattern, PrevDaysDepended, SequenceNumber, SummarySubCategory, Deleted) VALUES (70, 0, 'Type 1', 'Store Transaction', '', '$#,###,##0.00', 0, 0, 16, 0)
INSERT INTO SummaryItem (ID, AllowsException, Caption, EditedCaption, Formula, Pattern, PrevDaysDepended, SequenceNumber, SummarySubCategory, Deleted) VALUES (71, 0, 'Type 2', 'Deliver Transaction', '', '$#,###,##0.00', 0, 1, 16, 0)
INSERT INTO SummaryItem (ID, AllowsException, Caption, EditedCaption, Formula, Pattern, PrevDaysDepended, SequenceNumber, SummarySubCategory, Deleted) VALUES (72, 0, 'Type 3', 'Catering Transaction', '', '$#,###,##0.00', 0, 2, 16, 0)
INSERT INTO SummaryItem (ID, AllowsException, Caption, EditedCaption, Formula, Pattern, PrevDaysDepended, SequenceNumber, SummarySubCategory, Deleted) VALUES (73, 0, 'Total Sales', 'Total Net 2 Sales', '${summaryController.dataSet.getSubCategoryData("Sales by Type").getValue($day$)}', '$#,###,##0.00', 0, 0, 17, 0)
INSERT INTO SummaryItem (ID, AllowsException, Caption, EditedCaption, Formula, Pattern, PrevDaysDepended, SequenceNumber, SummarySubCategory, Deleted) VALUES (77, 0, 'Type 1', 'Team', '', '#,##0', 0, 0, 19, 0)
INSERT INTO SummaryItem (ID, AllowsException, Caption, EditedCaption, Formula, Pattern, PrevDaysDepended, SequenceNumber, SummarySubCategory, Deleted) VALUES (78, 0, 'Type 2', 'Management', '', '#,##0', 0, 1, 19, 0)
INSERT INTO SummaryItem (ID, AllowsException, Caption, EditedCaption, Formula, Pattern, PrevDaysDepended, SequenceNumber, SummarySubCategory, Deleted) VALUES (79, 0, 'Total Labor Hours', 'Total Labor Hours', '${summaryController.dataSet.getSubCategoryData("Labor Hours").getValue($day$)}', '#,##0', 0, 0, 20, 0)
INSERT INTO SummaryItem (ID, AllowsException, Caption, EditedCaption, Formula, Pattern, PrevDaysDepended, SequenceNumber, SummarySubCategory, Deleted) VALUES (80, 0, 'Type 1', 'Team', '', '$#,###,##0.00', 0, 0, 21, 0)
INSERT INTO SummaryItem (ID, AllowsException, Caption, EditedCaption, Formula, Pattern, PrevDaysDepended, SequenceNumber, SummarySubCategory, Deleted) VALUES (81, 0, 'Type 2', 'Management', '', '$#,###,##0.00', 0, 1, 21, 0)
INSERT INTO SummaryItem (ID, AllowsException, Caption, EditedCaption, Formula, Pattern, PrevDaysDepended, SequenceNumber, SummarySubCategory, Deleted) VALUES (82, 0, 'Total Labor Cost', 'Total Labor Cost', '${summaryController.dataSet.getSubCategoryData("Labor Cost").getValue($day$)}', '$#,###,##0.00', 0, 0, 22, 0)
INSERT INTO SummaryItem (ID, AllowsException, Caption, EditedCaption, Formula, Pattern, PrevDaysDepended, SequenceNumber, SummarySubCategory, Deleted) VALUES (83, 1, '', 'Team', '${summaryController.dataSet.getItemData("Labor Cost","Type 1").getValue($day$)/summaryController.dataSet.getItemData("Net Sales - Voids","Net Sales - Voids").getValue($day$)}', '##0.0%', 0, 0, 24, 0)
INSERT INTO SummaryItem (ID, AllowsException, Caption, EditedCaption, Formula, Pattern, PrevDaysDepended, SequenceNumber, SummarySubCategory, Deleted) VALUES (84, 1, '', 'Management', '${summaryController.dataSet.getItemData("Labor Cost","Type 2").getValue($day$)/summaryController.dataSet.getItemData("Net Sales - Voids","Net Sales - Voids").getValue($day$)}', '##0.0%', 0, 1, 24, 0)
INSERT INTO SummaryItem (ID, AllowsException, Caption, EditedCaption, Formula, Pattern, PrevDaysDepended, SequenceNumber, SummarySubCategory, Deleted) VALUES (85, 1, '', 'Total', '${summaryController.dataSet.getItemData("Total Labor Cost","Total Labor Cost").getValue($day$)/summaryController.dataSet.getItemData("Net Sales - Voids","Net Sales - Voids").getValue($day$)}', '##0.0%', 0, 2, 24, 0)
INSERT INTO SummaryItem (ID, AllowsException, Caption, EditedCaption, Formula, Pattern, PrevDaysDepended, SequenceNumber, SummarySubCategory, Deleted) VALUES (86, 0, 'WTD Net Sales - Voids', 'WTD Net 3', '${summaryController.dataSet.getSubCategoryData("Net Sales - Voids - Discounts").getValue($day$)}', '$#,###,##0.00', 1, 0, 27, 0)
INSERT INTO SummaryItem (ID, AllowsException, Caption, EditedCaption, Formula, Pattern, PrevDaysDepended, SequenceNumber, SummarySubCategory, Deleted) VALUES (87, 1, 'Store Transaction', 'Store Transaction', '${summaryController.dataSet.getItemData("Sales by Type","Type 1").getValue($day$)/summaryController.dataSet.getItemData("Number of Transactions","Type 1").getValue($day$)}', '$#,###,##0.00', 0, 0, 28, 0)
INSERT INTO SummaryItem (ID, AllowsException, Caption, EditedCaption, Formula, Pattern, PrevDaysDepended, SequenceNumber, SummarySubCategory, Deleted) VALUES (90, 1, 'Deliver Transaction', 'Deliver Transaction', '${summaryController.dataSet.getItemData("Sales by Type","Type 2").getValue($day$)/summaryController.dataSet.getItemData("Number of Transactions","Type 2").getValue($day$)}', '$#,###,##0.00', 0, 1, 28, 0)
INSERT INTO SummaryItem (ID, AllowsException, Caption, EditedCaption, Formula, Pattern, PrevDaysDepended, SequenceNumber, SummarySubCategory, Deleted) VALUES (91, 1, 'Catering Transaction', 'Catering Transaction', '${summaryController.dataSet.getItemData("Sales by Type","Type 3").getValue($day$)/summaryController.dataSet.getItemData("Number of Transactions","Type 3").getValue($day$)}', '$#,###,##0.00', 0, 2, 28, 0)
INSERT INTO SummaryItem (ID, AllowsException, Caption, EditedCaption, Formula, Pattern, PrevDaysDepended, SequenceNumber, SummarySubCategory, Deleted) VALUES (92, 1, 'Team', 'Team', '${summaryController.dataSet.getItemData("Labor Cost","Type 1").getValue($day$)/summaryController.dataSet.getItemData("Labor Hours","Type 1").getValue($day$)}', '$#,###,##0.00', 0, 0, 29, 0)
INSERT INTO SummaryItem (ID, AllowsException, Caption, EditedCaption, Formula, Pattern, PrevDaysDepended, SequenceNumber, SummarySubCategory, Deleted) VALUES (93, 1, 'Management', 'Management', '${summaryController.dataSet.getItemData("Labor Cost","Type 2").getValue($day$)/summaryController.dataSet.getItemData("Labor Hours","Type 2").getValue($day$)}', '$#,###,##0.00', 0, 1, 29, 0)
INSERT INTO SummaryItem (ID, AllowsException, Caption, EditedCaption, Formula, Pattern, PrevDaysDepended, SequenceNumber, SummarySubCategory, Deleted) VALUES (94, 1, 'Total', 'Total', '${summaryController.dataSet.getSubCategoryData("Labor Cost").getValue($day$)/summaryController.dataSet.getSubCategoryData("Labor Hours").getValue($day$)}', '$#,###,##0.00', 0, 2, 29, 0)

-- Data for table dbo.SummaryData  (LIMIT 0,500)
INSERT INTO SummaryData (ID, Date, Value, SummaryItem) VALUES (1, '2009-09-28', 100, 13)
INSERT INTO SummaryData (ID, Date, Value, SummaryItem) VALUES (2, '2009-09-29', 100, 13)
INSERT INTO SummaryData (ID, Date, Value, SummaryItem) VALUES (3, '2009-09-30', 100, 13)
INSERT INTO SummaryData (ID, Date, Value, SummaryItem) VALUES (4, '2009-10-01', 100, 13)
INSERT INTO SummaryData (ID, Date, Value, SummaryItem) VALUES (5, '2009-10-02', 100, 13)
INSERT INTO SummaryData (ID, Date, Value, SummaryItem) VALUES (6, '2009-10-03', 100, 13)
INSERT INTO SummaryData (ID, Date, Value, SummaryItem) VALUES (7, '2009-10-04', 100, 13)
INSERT INTO SummaryData (ID, Date, Value, SummaryItem) VALUES (8, '2009-09-28', 5, 15)
INSERT INTO SummaryData (ID, Date, Value, SummaryItem) VALUES (9, '2009-09-29', 5, 15)
INSERT INTO SummaryData (ID, Date, Value, SummaryItem) VALUES (10,'2009-09-30', 5, 15)
INSERT INTO SummaryData (ID, Date, Value, SummaryItem) VALUES (11,'2009-10-01', 5, 15)
INSERT INTO SummaryData (ID, Date, Value, SummaryItem) VALUES (12,'2009-10-02', 5, 15)
INSERT INTO SummaryData (ID, Date, Value, SummaryItem) VALUES (13,'2009-10-03', 5, 15)
INSERT INTO SummaryData (ID, Date, Value, SummaryItem) VALUES (14,'2009-10-04', 5, 15)
INSERT INTO SummaryData (ID, Date, Value, SummaryItem) VALUES (15,'2009-09-28', 5, 16)
INSERT INTO SummaryData (ID, Date, Value, SummaryItem) VALUES (16,'2009-09-29', 5, 16)
INSERT INTO SummaryData (ID, Date, Value, SummaryItem) VALUES (17,'2009-09-30', 5, 16)
INSERT INTO SummaryData (ID, Date, Value, SummaryItem) VALUES (18,'2009-10-01', 5, 16)
INSERT INTO SummaryData (ID, Date, Value, SummaryItem) VALUES (19,'2009-10-02', 5, 16)
INSERT INTO SummaryData (ID, Date, Value, SummaryItem) VALUES (20,'2009-10-03', 5, 16)
INSERT INTO SummaryData (ID, Date, Value, SummaryItem) VALUES (21,'2009-10-04', 5, 16)
INSERT INTO SummaryData (ID, Date, Value, SummaryItem) VALUES (22,'2009-09-28', 1, 17)
INSERT INTO SummaryData (ID, Date, Value, SummaryItem) VALUES (23,'2009-09-29', 1, 17)
INSERT INTO SummaryData (ID, Date, Value, SummaryItem) VALUES (24,'2009-09-30', 1, 17)
INSERT INTO SummaryData (ID, Date, Value, SummaryItem) VALUES (25,'2009-10-01', 1, 17)
INSERT INTO SummaryData (ID, Date, Value, SummaryItem) VALUES (26,'2009-10-02', 1, 17)
INSERT INTO SummaryData (ID, Date, Value, SummaryItem) VALUES (27,'2009-10-03', 1, 17)
INSERT INTO SummaryData (ID, Date, Value, SummaryItem) VALUES (28,'2009-10-04', 1, 17)
INSERT INTO SummaryData (ID, Date, Value, SummaryItem) VALUES (29,'2009-09-28', 1, 18)
INSERT INTO SummaryData (ID, Date, Value, SummaryItem) VALUES (30,'2009-09-29', 1, 18)
INSERT INTO SummaryData (ID, Date, Value, SummaryItem) VALUES (31,'2009-09-30', 1, 18)
INSERT INTO SummaryData (ID, Date, Value, SummaryItem) VALUES (32,'2009-10-01', 1, 18)
INSERT INTO SummaryData (ID, Date, Value, SummaryItem) VALUES (33,'2009-10-02', 1, 18)
INSERT INTO SummaryData (ID, Date, Value, SummaryItem) VALUES (34,'2009-10-03', 1, 18)
INSERT INTO SummaryData (ID, Date, Value, SummaryItem) VALUES (35,'2009-10-04', 1, 18)
INSERT INTO SummaryData (ID, Date, Value, SummaryItem) VALUES (36,'2009-09-28', 1, 19)
INSERT INTO SummaryData (ID, Date, Value, SummaryItem) VALUES (37,'2009-09-29', 1, 19)
INSERT INTO SummaryData (ID, Date, Value, SummaryItem) VALUES (38,'2009-09-30', 1, 19)
INSERT INTO SummaryData (ID, Date, Value, SummaryItem) VALUES (39,'2009-10-01', 1, 19)
INSERT INTO SummaryData (ID, Date, Value, SummaryItem) VALUES (40,'2009-10-02', 1, 19)
INSERT INTO SummaryData (ID, Date, Value, SummaryItem) VALUES (41,'2009-10-03', 1, 19)
INSERT INTO SummaryData (ID, Date, Value, SummaryItem) VALUES (42,'2009-10-04', 1, 19)
INSERT INTO SummaryData (ID, Date, Value, SummaryItem) VALUES (43,'2009-09-28', 1, 20)
INSERT INTO SummaryData (ID, Date, Value, SummaryItem) VALUES (44,'2009-09-29', 1, 20)
INSERT INTO SummaryData (ID, Date, Value, SummaryItem) VALUES (45,'2009-09-30', 1, 20)
INSERT INTO SummaryData (ID, Date, Value, SummaryItem) VALUES (46,'2009-10-01', 1, 20)
INSERT INTO SummaryData (ID, Date, Value, SummaryItem) VALUES (47,'2009-10-02', 1, 20)
INSERT INTO SummaryData (ID, Date, Value, SummaryItem) VALUES (48,'2009-10-03', 1, 20)
INSERT INTO SummaryData (ID, Date, Value, SummaryItem) VALUES (49,'2009-10-04', 1, 20)
INSERT INTO SummaryData (ID, Date, Value, SummaryItem) VALUES (50,'2009-09-28', 1, 21)
INSERT INTO SummaryData (ID, Date, Value, SummaryItem) VALUES (51,'2009-09-29', 1, 21)
INSERT INTO SummaryData (ID, Date, Value, SummaryItem) VALUES (52,'2009-09-30', 1, 21)
INSERT INTO SummaryData (ID, Date, Value, SummaryItem) VALUES (53,'2009-10-01', 1, 21)
INSERT INTO SummaryData (ID, Date, Value, SummaryItem) VALUES (54,'2009-10-02', 1, 21)
INSERT INTO SummaryData (ID, Date, Value, SummaryItem) VALUES (55,'2009-10-03', 1, 21)
INSERT INTO SummaryData (ID, Date, Value, SummaryItem) VALUES (56,'2009-10-04', 1, 21)
INSERT INTO SummaryData (ID, Date, Value, SummaryItem) VALUES (57,'2009-09-28', 1, 22)
INSERT INTO SummaryData (ID, Date, Value, SummaryItem) VALUES (58,'2009-09-29', 1, 22)
INSERT INTO SummaryData (ID, Date, Value, SummaryItem) VALUES (59,'2009-09-30', 1, 22)
INSERT INTO SummaryData (ID, Date, Value, SummaryItem) VALUES (60,'2009-10-01', 1, 22)
INSERT INTO SummaryData (ID, Date, Value, SummaryItem) VALUES (61,'2009-10-02', 1, 22)
INSERT INTO SummaryData (ID, Date, Value, SummaryItem) VALUES (62,'2009-10-03', 1, 22)
INSERT INTO SummaryData (ID, Date, Value, SummaryItem) VALUES (63,'2009-10-04', 1, 22)
INSERT INTO SummaryData (ID, Date, Value, SummaryItem) VALUES (64,'2009-09-28', 1, 23)
INSERT INTO SummaryData (ID, Date, Value, SummaryItem) VALUES (65,'2009-09-29', 1, 23)
INSERT INTO SummaryData (ID, Date, Value, SummaryItem) VALUES (66,'2009-09-30', 1, 23)
INSERT INTO SummaryData (ID, Date, Value, SummaryItem) VALUES (67,'2009-10-01', 1, 23)
INSERT INTO SummaryData (ID, Date, Value, SummaryItem) VALUES (68,'2009-10-02', 1, 23)
INSERT INTO SummaryData (ID, Date, Value, SummaryItem) VALUES (69,'2009-10-03', 1, 23)
INSERT INTO SummaryData (ID, Date, Value, SummaryItem) VALUES (70,'2009-10-04', 1, 23)
INSERT INTO SummaryData (ID, Date, Value, SummaryItem) VALUES (71,'2009-09-28', 3, 35)
INSERT INTO SummaryData (ID, Date, Value, SummaryItem) VALUES (72,'2009-09-29', 3, 35)
INSERT INTO SummaryData (ID, Date, Value, SummaryItem) VALUES (73,'2009-09-30', 3, 35)
INSERT INTO SummaryData (ID, Date, Value, SummaryItem) VALUES (74,'2009-10-01', 3, 35)
INSERT INTO SummaryData (ID, Date, Value, SummaryItem) VALUES (75,'2009-10-02', 3, 35)
INSERT INTO SummaryData (ID, Date, Value, SummaryItem) VALUES (76,'2009-10-03', 3, 35)
INSERT INTO SummaryData (ID, Date, Value, SummaryItem) VALUES (77,'2009-10-04', 3, 35)
INSERT INTO SummaryData (ID, Date, Value, SummaryItem) VALUES (78,'2009-09-28', 1, 36)
INSERT INTO SummaryData (ID, Date, Value, SummaryItem) VALUES (79,'2009-09-29', 1, 36)
INSERT INTO SummaryData (ID, Date, Value, SummaryItem) VALUES (80,'2009-09-30', 1, 36)
INSERT INTO SummaryData (ID, Date, Value, SummaryItem) VALUES (81,'2009-10-01', 1, 36)
INSERT INTO SummaryData (ID, Date, Value, SummaryItem) VALUES (82,'2009-10-02', 1, 36)
INSERT INTO SummaryData (ID, Date, Value, SummaryItem) VALUES (83,'2009-10-03', 1, 36)
INSERT INTO SummaryData (ID, Date, Value, SummaryItem) VALUES (84,'2009-10-04', 1, 36)
INSERT INTO SummaryData (ID, Date, Value, SummaryItem) VALUES (85,'2009-09-28', 1, 37)
INSERT INTO SummaryData (ID, Date, Value, SummaryItem) VALUES (86,'2009-09-29', 1, 37)
INSERT INTO SummaryData (ID, Date, Value, SummaryItem) VALUES (87,'2009-09-30', 1, 37)
INSERT INTO SummaryData (ID, Date, Value, SummaryItem) VALUES (88,'2009-10-01', 1, 37)
INSERT INTO SummaryData (ID, Date, Value, SummaryItem) VALUES (89,'2009-10-02', 1, 37)
INSERT INTO SummaryData (ID, Date, Value, SummaryItem) VALUES (90,'2009-10-03', 1, 37)
INSERT INTO SummaryData (ID, Date, Value, SummaryItem) VALUES (91,'2009-10-04', 1, 37)
INSERT INTO SummaryData (ID, Date, Value, SummaryItem) VALUES (92,'2009-09-28', 1, 44)
INSERT INTO SummaryData (ID, Date, Value, SummaryItem) VALUES (93,'2009-09-29', 1, 44)
INSERT INTO SummaryData (ID, Date, Value, SummaryItem) VALUES (94,'2009-09-30', 1, 44)
INSERT INTO SummaryData (ID, Date, Value, SummaryItem) VALUES (95,'2009-10-01', 1, 44)
INSERT INTO SummaryData (ID, Date, Value, SummaryItem) VALUES (96,'2009-10-02', 1, 44)
INSERT INTO SummaryData (ID, Date, Value, SummaryItem) VALUES (97,'2009-10-03', 1, 44)
INSERT INTO SummaryData (ID, Date, Value, SummaryItem) VALUES (98,'2009-10-04', 1, 44)
INSERT INTO SummaryData (ID, Date, Value, SummaryItem) VALUES (99,'2009-09-28', 1, 45)
INSERT INTO SummaryData (ID, Date, Value, SummaryItem) VALUES (100,'2009-09-29', 1, 45)
INSERT INTO SummaryData (ID, Date, Value, SummaryItem) VALUES (101,'2009-09-30', 1, 45)
INSERT INTO SummaryData (ID, Date, Value, SummaryItem) VALUES (102,'2009-10-01', 1, 45)
INSERT INTO SummaryData (ID, Date, Value, SummaryItem) VALUES (103,'2009-10-02', 1, 45)
INSERT INTO SummaryData (ID, Date, Value, SummaryItem) VALUES (104,'2009-10-03', 1, 45)
INSERT INTO SummaryData (ID, Date, Value, SummaryItem) VALUES (105,'2009-10-04', 1, 45)
INSERT INTO SummaryData (ID, Date, Value, SummaryItem) VALUES (106,'2009-09-28', 1, 46)
INSERT INTO SummaryData (ID, Date, Value, SummaryItem) VALUES (107,'2009-09-29', 1, 46)
INSERT INTO SummaryData (ID, Date, Value, SummaryItem) VALUES (108,'2009-09-30', 1, 46)
INSERT INTO SummaryData (ID, Date, Value, SummaryItem) VALUES (109,'2009-10-01', 1, 46)
INSERT INTO SummaryData (ID, Date, Value, SummaryItem) VALUES (110,'2009-10-02', 1, 46)
INSERT INTO SummaryData (ID, Date, Value, SummaryItem) VALUES (111,'2009-10-03', 1, 46)
INSERT INTO SummaryData (ID, Date, Value, SummaryItem) VALUES (112,'2009-10-04', 1, 46)
INSERT INTO SummaryData (ID, Date, Value, SummaryItem) VALUES (113,'2009-09-28', 1, 57)
INSERT INTO SummaryData (ID, Date, Value, SummaryItem) VALUES (114,'2009-09-29', 1, 57)
INSERT INTO SummaryData (ID, Date, Value, SummaryItem) VALUES (115,'2009-09-30', 1, 57)
INSERT INTO SummaryData (ID, Date, Value, SummaryItem) VALUES (116,'2009-10-01', 1, 57)
INSERT INTO SummaryData (ID, Date, Value, SummaryItem) VALUES (117,'2009-10-02', 1, 57)
INSERT INTO SummaryData (ID, Date, Value, SummaryItem) VALUES (118,'2009-10-03', 1, 57)
INSERT INTO SummaryData (ID, Date, Value, SummaryItem) VALUES (119,'2009-10-04', 1, 57)
INSERT INTO SummaryData (ID, Date, Value, SummaryItem) VALUES (120,'2009-09-28', 1, 58)
INSERT INTO SummaryData (ID, Date, Value, SummaryItem) VALUES (121,'2009-09-29', 1, 58)
INSERT INTO SummaryData (ID, Date, Value, SummaryItem) VALUES (122,'2009-09-30', 1, 58)
INSERT INTO SummaryData (ID, Date, Value, SummaryItem) VALUES (123,'2009-10-01', 1, 58)
INSERT INTO SummaryData (ID, Date, Value, SummaryItem) VALUES (124,'2009-10-02', 1, 58)
INSERT INTO SummaryData (ID, Date, Value, SummaryItem) VALUES (125,'2009-10-03', 1, 58)
INSERT INTO SummaryData (ID, Date, Value, SummaryItem) VALUES (126,'2009-10-04', 1, 58)
INSERT INTO SummaryData (ID, Date, Value, SummaryItem) VALUES (127,'2009-09-28', 1, 59)
INSERT INTO SummaryData (ID, Date, Value, SummaryItem) VALUES (128,'2009-09-29', 1, 59)
INSERT INTO SummaryData (ID, Date, Value, SummaryItem) VALUES (129,'2009-09-30', 1, 59)
INSERT INTO SummaryData (ID, Date, Value, SummaryItem) VALUES (130,'2009-10-01', 1, 59)
INSERT INTO SummaryData (ID, Date, Value, SummaryItem) VALUES (131,'2009-10-02', 1, 59)
INSERT INTO SummaryData (ID, Date, Value, SummaryItem) VALUES (132,'2009-10-03', 1, 59)
INSERT INTO SummaryData (ID, Date, Value, SummaryItem) VALUES (133,'2009-10-04', 1, 59)
INSERT INTO SummaryData (ID, Date, Value, SummaryItem) VALUES (134,'2009-09-28', 1, 60)
INSERT INTO SummaryData (ID, Date, Value, SummaryItem) VALUES (135,'2009-09-29', 1, 60)
INSERT INTO SummaryData (ID, Date, Value, SummaryItem) VALUES (136,'2009-09-30', 1, 60)
INSERT INTO SummaryData (ID, Date, Value, SummaryItem) VALUES (137,'2009-10-01', 1, 60)
INSERT INTO SummaryData (ID, Date, Value, SummaryItem) VALUES (138,'2009-10-02', 1, 60)
INSERT INTO SummaryData (ID, Date, Value, SummaryItem) VALUES (139,'2009-10-03', 1, 60)
INSERT INTO SummaryData (ID, Date, Value, SummaryItem) VALUES (140,'2009-10-04', 1, 60)
INSERT INTO SummaryData (ID, Date, Value, SummaryItem) VALUES (141,'2009-09-28', 1, 61)
INSERT INTO SummaryData (ID, Date, Value, SummaryItem) VALUES (142,'2009-09-29', 1, 61)
INSERT INTO SummaryData (ID, Date, Value, SummaryItem) VALUES (143,'2009-09-30', 1, 61)
INSERT INTO SummaryData (ID, Date, Value, SummaryItem) VALUES (144,'2009-10-01', 1, 61)
INSERT INTO SummaryData (ID, Date, Value, SummaryItem) VALUES (145,'2009-10-02', 1, 61)
INSERT INTO SummaryData (ID, Date, Value, SummaryItem) VALUES (146,'2009-10-03', 1, 61)
INSERT INTO SummaryData (ID, Date, Value, SummaryItem) VALUES (147,'2009-10-04', 1, 61)
INSERT INTO SummaryData (ID, Date, Value, SummaryItem) VALUES (148,'2009-09-28', 1, 62)
INSERT INTO SummaryData (ID, Date, Value, SummaryItem) VALUES (149,'2009-09-29', 1, 62)
INSERT INTO SummaryData (ID, Date, Value, SummaryItem) VALUES (150,'2009-09-30', 1, 62)
INSERT INTO SummaryData (ID, Date, Value, SummaryItem) VALUES (151,'2009-10-01', 1, 62)
INSERT INTO SummaryData (ID, Date, Value, SummaryItem) VALUES (152,'2009-10-02', 1, 62)
INSERT INTO SummaryData (ID, Date, Value, SummaryItem) VALUES (153,'2009-10-03', 1, 62)
INSERT INTO SummaryData (ID, Date, Value, SummaryItem) VALUES (154,'2009-10-04', 1, 62)
INSERT INTO SummaryData (ID, Date, Value, SummaryItem) VALUES (155,'2009-09-28', 1, 63)
INSERT INTO SummaryData (ID, Date, Value, SummaryItem) VALUES (156,'2009-09-29', 1, 63)
INSERT INTO SummaryData (ID, Date, Value, SummaryItem) VALUES (157,'2009-09-30', 1, 63)
INSERT INTO SummaryData (ID, Date, Value, SummaryItem) VALUES (158,'2009-10-01', 1, 63)
INSERT INTO SummaryData (ID, Date, Value, SummaryItem) VALUES (159,'2009-10-02', 1, 63)
INSERT INTO SummaryData (ID, Date, Value, SummaryItem) VALUES (160,'2009-10-03', 1, 63)
INSERT INTO SummaryData (ID, Date, Value, SummaryItem) VALUES (161,'2009-10-04', 1, 63)
INSERT INTO SummaryData (ID, Date, Value, SummaryItem) VALUES (162,'2009-09-28', 1, 66)
INSERT INTO SummaryData (ID, Date, Value, SummaryItem) VALUES (163,'2009-09-29', 1, 66)
INSERT INTO SummaryData (ID, Date, Value, SummaryItem) VALUES (164,'2009-09-30', 1, 66)
INSERT INTO SummaryData (ID, Date, Value, SummaryItem) VALUES (165,'2009-10-01', 1, 66)
INSERT INTO SummaryData (ID, Date, Value, SummaryItem) VALUES (166,'2009-10-02', 1, 66)
INSERT INTO SummaryData (ID, Date, Value, SummaryItem) VALUES (167,'2009-10-03', 1, 66)
INSERT INTO SummaryData (ID, Date, Value, SummaryItem) VALUES (168,'2009-10-04', 1, 66)
INSERT INTO SummaryData (ID, Date, Value, SummaryItem) VALUES (169,'2009-09-28', 1, 70)
INSERT INTO SummaryData (ID, Date, Value, SummaryItem) VALUES (170,'2009-09-29', 1, 70)
INSERT INTO SummaryData (ID, Date, Value, SummaryItem) VALUES (171,'2009-09-30', 1, 70)
INSERT INTO SummaryData (ID, Date, Value, SummaryItem) VALUES (172,'2009-10-01', 1, 70)
INSERT INTO SummaryData (ID, Date, Value, SummaryItem) VALUES (173,'2009-10-02', 1, 70)
INSERT INTO SummaryData (ID, Date, Value, SummaryItem) VALUES (174,'2009-10-03', 1, 70)
INSERT INTO SummaryData (ID, Date, Value, SummaryItem) VALUES (175,'2009-10-04', 1, 70)
INSERT INTO SummaryData (ID, Date, Value, SummaryItem) VALUES (176,'2009-09-28', 10, 77)
INSERT INTO SummaryData (ID, Date, Value, SummaryItem) VALUES (177,'2009-09-29', 10, 77)
INSERT INTO SummaryData (ID, Date, Value, SummaryItem) VALUES (178,'2009-09-30', 10, 77)
INSERT INTO SummaryData (ID, Date, Value, SummaryItem) VALUES (179,'2009-10-01', 10, 77)
INSERT INTO SummaryData (ID, Date, Value, SummaryItem) VALUES (180,'2009-10-02', 10, 77)
INSERT INTO SummaryData (ID, Date, Value, SummaryItem) VALUES (181,'2009-10-03', 10, 77)
INSERT INTO SummaryData (ID, Date, Value, SummaryItem) VALUES (182,'2009-10-04', 10, 77)
INSERT INTO SummaryData (ID, Date, Value, SummaryItem) VALUES (183,'2009-09-28', 1, 78)
INSERT INTO SummaryData (ID, Date, Value, SummaryItem) VALUES (184,'2009-09-29', 1, 78)
INSERT INTO SummaryData (ID, Date, Value, SummaryItem) VALUES (185,'2009-09-30', 1, 78)
INSERT INTO SummaryData (ID, Date, Value, SummaryItem) VALUES (186,'2009-10-01', 1, 78)
INSERT INTO SummaryData (ID, Date, Value, SummaryItem) VALUES (187,'2009-10-02', 1, 78)
INSERT INTO SummaryData (ID, Date, Value, SummaryItem) VALUES (188,'2009-10-03', 1, 78)
INSERT INTO SummaryData (ID, Date, Value, SummaryItem) VALUES (189,'2009-10-04', 1, 78)
INSERT INTO SummaryData (ID, Date, Value, SummaryItem) VALUES (190,'2009-09-28', 100, 80)
INSERT INTO SummaryData (ID, Date, Value, SummaryItem) VALUES (191,'2009-09-29', 100, 80)
INSERT INTO SummaryData (ID, Date, Value, SummaryItem) VALUES (192,'2009-09-30', 100, 80)
INSERT INTO SummaryData (ID, Date, Value, SummaryItem) VALUES (193,'2009-10-01', 100, 80)
INSERT INTO SummaryData (ID, Date, Value, SummaryItem) VALUES (194,'2009-10-02', 100, 80)
INSERT INTO SummaryData (ID, Date, Value, SummaryItem) VALUES (195,'2009-10-03', 100, 80)
INSERT INTO SummaryData (ID, Date, Value, SummaryItem) VALUES (196,'2009-10-04', 100, 80)
INSERT INTO SummaryData (ID, Date, Value, SummaryItem) VALUES (197,'2009-09-28', 20, 81)
INSERT INTO SummaryData (ID, Date, Value, SummaryItem) VALUES (198,'2009-09-29', 20, 81)
INSERT INTO SummaryData (ID, Date, Value, SummaryItem) VALUES (199,'2009-09-30', 20, 81)
INSERT INTO SummaryData (ID, Date, Value, SummaryItem) VALUES (200,'2009-10-01', 20, 81)
INSERT INTO SummaryData (ID, Date, Value, SummaryItem) VALUES (201,'2009-10-02', 20, 81)
INSERT INTO SummaryData (ID, Date, Value, SummaryItem) VALUES (202,'2009-10-03', 20, 81)
INSERT INTO SummaryData (ID, Date, Value, SummaryItem) VALUES (203,'2009-10-04', 20, 81)

-- Data for table dbo.Purchase (LIMIT 0,500)
INSERT INTO Purchase (ID, Date, Description, FAndBTaxes, FoodAndBeverage, Freight, Invoice, Other, OtherTaxes, Paper, Payment, Vendor, Store) VALUES (1, '2009-09-23', 'Hot chocolate', 101.24, 1590.7, 0, '4589cr', 0, 0, 131.2, 'cash', 'Milka', 1)
INSERT INTO Purchase (ID, Date, Description, FAndBTaxes, FoodAndBeverage, Freight, Invoice, Other, OtherTaxes, Paper, Payment, Vendor, Store) VALUES (2, '2009-09-23', 'Hot dog', 101.24, 1590.7, 0, '4590cr', 0, 0, 131.2, 'cash', 'Dogs', 1)
INSERT INTO Purchase (ID, Date, Description, FAndBTaxes, FoodAndBeverage, Freight, Invoice, Other, OtherTaxes, Paper, Payment, Vendor, Store) VALUES (3, '2009-09-21', 'Sprite', 202.48, 3181.4, 0, '4460bf', 0, 0, 262.4, 'check# 435678', 'Coca-Cola', 1)
INSERT INTO Purchase (ID, Date, Description, FAndBTaxes, FoodAndBeverage, Freight, Invoice, Other, OtherTaxes, Paper, Payment, Vendor, Store) VALUES (4, '2009-09-21', 'Fanta', 202.48, 3181.4, 0, '4366bf', 0, 0, 262.4, 'A/P 4670', 'Coca-Cola', 1)

-- Data for Inventory
INSERT INTO InventoryCategory (ID,CategoryName,store,Deleted)VALUES(1,'Food Items',2,0)
INSERT INTO InventoryCategory (ID,CategoryName,store,Deleted)VALUES(2,'Paper Items',2,0)
INSERT INTO InventoryCategory (ID,CategoryName,store,Deleted)VALUES(3,'Food Items',1,0)

INSERT INTO InventorySubCategory (ID,SubCategoryName,InventoryCategory,Deleted,SequenceNumber)VALUES(1,'Meats',1,0,0)
INSERT INTO InventorySubCategory (ID,SubCategoryName,InventoryCategory,Deleted,SequenceNumber)VALUES(2,'Cheese',1,0,1)
INSERT INTO InventorySubCategory (ID,SubCategoryName,InventoryCategory,Deleted,SequenceNumber)VALUES(3,'Vegetables',1,0,2)
INSERT INTO InventorySubCategory (ID,SubCategoryName,InventoryCategory,Deleted,SequenceNumber)VALUES(4,'Breads',1,0,3)
INSERT INTO InventorySubCategory (ID,SubCategoryName,InventoryCategory,Deleted,SequenceNumber)VALUES(5,'Beverages',1,0,4)
INSERT INTO InventorySubCategory (ID,SubCategoryName,InventoryCategory,Deleted,SequenceNumber)VALUES(6,'Canned Goods',1,0,5)
INSERT INTO InventorySubCategory (ID,SubCategoryName,InventoryCategory,Deleted,SequenceNumber)VALUES(7,'Soups',1,0,6)
INSERT INTO InventorySubCategory (ID,SubCategoryName,InventoryCategory,Deleted,SequenceNumber)VALUES(8,'Chips',1,0,7)
INSERT INTO InventorySubCategory (ID,SubCategoryName,InventoryCategory,Deleted,SequenceNumber)VALUES(9,'Dressings',1,0,8)
INSERT INTO InventorySubCategory (ID,SubCategoryName,InventoryCategory,Deleted,SequenceNumber)VALUES(10,'Miscellaneous',1,0,9)
INSERT INTO InventorySubCategory (ID,SubCategoryName,InventoryCategory,Deleted,SequenceNumber)VALUES(11,'Deserts',1,0,10)
INSERT INTO InventorySubCategory (ID,SubCategoryName,InventoryCategory,Deleted,SequenceNumber)VALUES(12,'All Paper',2,0,0)
INSERT INTO InventorySubCategory (ID,SubCategoryName,InventoryCategory,Deleted,SequenceNumber)VALUES(13,'Cheese',3,0,0)

INSERT INTO InventoryMeasure (ID,Measure) VALUES (1,'EA')
INSERT INTO InventoryMeasure (ID,Measure) VALUES (2,'LB')
INSERT INTO InventoryMeasure (ID,Measure) VALUES (3,'CS')
INSERT INTO InventoryMeasure (ID,Measure) VALUES (4,'BAG')
INSERT INTO InventoryMeasure (ID,Measure) VALUES (5,'SLICE')
INSERT INTO InventoryMeasure (ID,Measure) VALUES (6,'BOX')
INSERT INTO InventoryMeasure (ID,Measure) VALUES (7,'SLV')
INSERT INTO InventoryMeasure (ID,Measure) VALUES (8,'BNDL')
INSERT INTO InventoryMeasure (ID,Measure) VALUES (9,'GAL')
INSERT INTO InventoryMeasure (ID,Measure) VALUES (10,'PKT')
INSERT INTO InventoryMeasure (ID,Measure) VALUES (11,'CAN')
INSERT INTO InventoryMeasure (ID,Measure) VALUES (12,'FL')

INSERT INTO InventoryItem (ID,collectionIndex,InventoryMeasure,ItemName,InventorySubCategory,Deleted)VALUES(1,0,1,'Alpine',1,0)
INSERT INTO InventoryItem (ID,collectionIndex,InventoryMeasure,ItemName,InventorySubCategory,Deleted)VALUES(2,1,2,'Bacon chips',1,0)
INSERT INTO InventoryItem (ID,collectionIndex,InventoryMeasure,ItemName,InventorySubCategory,Deleted)VALUES(3,2,1,'Bistro',1,0)
INSERT INTO InventoryItem (ID,collectionIndex,InventoryMeasure,ItemName,InventorySubCategory,Deleted)VALUES(4,3,2,'Black Angus',1,0)
INSERT INTO InventoryItem (ID,collectionIndex,InventoryMeasure,ItemName,InventorySubCategory,Deleted)VALUES(5,4,2,'Capicola',1,0)
INSERT INTO InventoryItem (ID,collectionIndex,InventoryMeasure,ItemName,InventorySubCategory,Deleted)VALUES(6,5,2,'Chicken',1,0)
INSERT INTO InventoryItem (ID,collectionIndex,InventoryMeasure,ItemName,InventorySubCategory,Deleted)VALUES(7,6,2,'Ham',1,0)
INSERT INTO InventoryItem (ID,collectionIndex,InventoryMeasure,ItemName,InventorySubCategory,Deleted)VALUES(8,7,1,'Italiano',1,0)
INSERT INTO InventoryItem (ID,collectionIndex,InventoryMeasure,ItemName,InventorySubCategory,Deleted)VALUES(9,8,3,'Meatballs',1,0)
INSERT INTO InventoryItem (ID,collectionIndex,InventoryMeasure,ItemName,InventorySubCategory,Deleted)VALUES(10,9,2,'Pepperoni',1,0)
INSERT INTO InventoryItem (ID,collectionIndex,InventoryMeasure,ItemName,InventorySubCategory,Deleted)VALUES(11,10,2,'Prime Rib',1,0)
INSERT INTO InventoryItem (ID,collectionIndex,InventoryMeasure,ItemName,InventorySubCategory,Deleted)VALUES(12,11,2,'Roast Beef',1,0)
INSERT INTO InventoryItem (ID,collectionIndex,InventoryMeasure,ItemName,InventorySubCategory,Deleted)VALUES(13,12,2,'Salami',1,0)
INSERT INTO InventoryItem (ID,collectionIndex,InventoryMeasure,ItemName,InventorySubCategory,Deleted)VALUES(14,13,1,'Sonoma',1,0)
INSERT INTO InventoryItem (ID,collectionIndex,InventoryMeasure,ItemName,InventorySubCategory,Deleted)VALUES(15,14,2,'Turkey',1,0)
INSERT INTO InventoryItem (ID,collectionIndex,InventoryMeasure,ItemName,InventorySubCategory,Deleted)VALUES(16,0,2,'Blue Chz Crumbles',2,0)
INSERT INTO InventoryItem (ID,collectionIndex,InventoryMeasure,ItemName,InventorySubCategory,Deleted)VALUES(17,1,4,'Caesar Cheese Blend',2,0)
INSERT INTO InventoryItem (ID,collectionIndex,InventoryMeasure,ItemName,InventorySubCategory,Deleted)VALUES(18,2,2,'Cheese Cheddar',2,0)
INSERT INTO InventoryItem (ID,collectionIndex,InventoryMeasure,ItemName,InventorySubCategory,Deleted)VALUES(19,3,2,'Cheese-Mozzarella',2,0)
INSERT INTO InventoryItem (ID,collectionIndex,InventoryMeasure,ItemName,InventorySubCategory,Deleted)VALUES(20,4,2,'Cheese-Swiss',2,0)
INSERT INTO InventoryItem (ID,collectionIndex,InventoryMeasure,ItemName,InventorySubCategory,Deleted)VALUES(21,5,5,'Habanero Cheese',2,0)
INSERT INTO InventoryItem (ID,collectionIndex,InventoryMeasure,ItemName,InventorySubCategory,Deleted)VALUES(22,0,4,'Cilantro Shake',3,0)
INSERT INTO InventoryItem (ID,collectionIndex,InventoryMeasure,ItemName,InventorySubCategory,Deleted)VALUES(23,1,3,'Lemons',3,0)
INSERT INTO InventoryItem (ID,collectionIndex,InventoryMeasure,ItemName,InventorySubCategory,Deleted)VALUES(24,2,4,'Lettuce Romaine',3,0)
INSERT INTO InventoryItem (ID,collectionIndex,InventoryMeasure,ItemName,InventorySubCategory,Deleted)VALUES(25,3,4,'Lettuce-Shredded',3,0)
INSERT INTO InventoryItem (ID,collectionIndex,InventoryMeasure,ItemName,InventorySubCategory,Deleted)VALUES(26,4,2,'Mushrooms-Mixed Size',3,0)
INSERT INTO InventoryItem (ID,collectionIndex,InventoryMeasure,ItemName,InventorySubCategory,Deleted)VALUES(27,5,2,'Onions Red',3,0)
INSERT INTO InventoryItem (ID,collectionIndex,InventoryMeasure,ItemName,InventorySubCategory,Deleted)VALUES(28,6,2,'Onions Yellow',3,0)
INSERT INTO InventoryItem (ID,collectionIndex,InventoryMeasure,ItemName,InventorySubCategory,Deleted)VALUES(29,7,3,'Tomatoes-Case',3,0)
INSERT INTO InventoryItem (ID,collectionIndex,InventoryMeasure,ItemName,InventorySubCategory,Deleted)VALUES(30,0,1,'Bread Bowl',4,0)
INSERT INTO InventoryItem (ID,collectionIndex,InventoryMeasure,ItemName,InventorySubCategory,Deleted)VALUES(31,1,12,'Rosemary Bread',4,0)
INSERT INTO InventoryItem (ID,collectionIndex,InventoryMeasure,ItemName,InventorySubCategory,Deleted)VALUES(32,2,1,'Sammie flatbread',4,0)
INSERT INTO InventoryItem (ID,collectionIndex,InventoryMeasure,ItemName,InventorySubCategory,Deleted)VALUES(33,3,12,'Wheat Bread',4,0)
INSERT INTO InventoryItem (ID,collectionIndex,InventoryMeasure,ItemName,InventorySubCategory,Deleted)VALUES(34,4,12,'White Bread',4,0)
INSERT INTO InventoryItem (ID,collectionIndex,InventoryMeasure,ItemName,InventorySubCategory,Deleted)VALUES(35,0,1,'Aquafina',5,0)
INSERT INTO InventoryItem (ID,collectionIndex,InventoryMeasure,ItemName,InventorySubCategory,Deleted)VALUES(36,1,6,'Diet Mtn Dew',5,0)
INSERT INTO InventoryItem (ID,collectionIndex,InventoryMeasure,ItemName,InventorySubCategory,Deleted)VALUES(37,2,1,'Diet Pepsi',5,0)
INSERT INTO InventoryItem (ID,collectionIndex,InventoryMeasure,ItemName,InventorySubCategory,Deleted)VALUES(38,3,6,'Diet Pepsi BIB',5,0)
INSERT INTO InventoryItem (ID,collectionIndex,InventoryMeasure,ItemName,InventorySubCategory,Deleted)VALUES(39,4,6,'Dr Pepper Bib',5,0)
INSERT INTO InventoryItem (ID,collectionIndex,InventoryMeasure,ItemName,InventorySubCategory,Deleted)VALUES(40,5,1,'Dr Pepper',5,0)
INSERT INTO InventoryItem (ID,collectionIndex,InventoryMeasure,ItemName,InventorySubCategory,Deleted)VALUES(41,6,1,'Gatorade',5,0)
INSERT INTO InventoryItem (ID,collectionIndex,InventoryMeasure,ItemName,InventorySubCategory,Deleted)VALUES(42,7,1,'Lipton Tea',5,0)
INSERT INTO InventoryItem (ID,collectionIndex,InventoryMeasure,ItemName,InventorySubCategory,Deleted)VALUES(43,8,6,'Mtn Dew BIB',5,0)
INSERT INTO InventoryItem (ID,collectionIndex,InventoryMeasure,ItemName,InventorySubCategory,Deleted)VALUES(44,9,1,'Pepsi',5,0)
INSERT INTO InventoryItem (ID,collectionIndex,InventoryMeasure,ItemName,InventorySubCategory,Deleted)VALUES(45,10,6,'Pepsi BIB',5,0)
INSERT INTO InventoryItem (ID,collectionIndex,InventoryMeasure,ItemName,InventorySubCategory,Deleted)VALUES(46,11,1,'Rasp Lemon',5,0)
INSERT INTO InventoryItem (ID,collectionIndex,InventoryMeasure,ItemName,InventorySubCategory,Deleted)VALUES(47,12,6,'Rootbeer BIB',5,0)
INSERT INTO InventoryItem (ID,collectionIndex,InventoryMeasure,ItemName,InventorySubCategory,Deleted)VALUES(48,13,6,'Sierra Mst BIB',5,0)
INSERT INTO InventoryItem (ID,collectionIndex,InventoryMeasure,ItemName,InventorySubCategory,Deleted)VALUES(49,14,1,'Sobe',5,0)
INSERT INTO InventoryItem (ID,collectionIndex,InventoryMeasure,ItemName,InventorySubCategory,Deleted)VALUES(50,15,6,'Sobe BIB',5,0)
INSERT INTO InventoryItem (ID,collectionIndex,InventoryMeasure,ItemName,InventorySubCategory,Deleted)VALUES(51,16,1,'Tea bags',5,0)
INSERT INTO InventoryItem (ID,collectionIndex,InventoryMeasure,ItemName,InventorySubCategory,Deleted)VALUES(52,0,11,'Marinara',6,0)
INSERT INTO InventoryItem (ID,collectionIndex,InventoryMeasure,ItemName,InventorySubCategory,Deleted)VALUES(53,1,11,'Olives',6,0)
INSERT INTO InventoryItem (ID,collectionIndex,InventoryMeasure,ItemName,InventorySubCategory,Deleted)VALUES(54,2,11,'Tuna Fish',6,0)
INSERT INTO InventoryItem (ID,collectionIndex,InventoryMeasure,ItemName,InventorySubCategory,Deleted)VALUES(55,0,4,'Broc & Cheese Soup',7,0)
INSERT INTO InventoryItem (ID,collectionIndex,InventoryMeasure,ItemName,InventorySubCategory,Deleted)VALUES(56,1,4,'Chic Noodle',7,0)
INSERT INTO InventoryItem (ID,collectionIndex,InventoryMeasure,ItemName,InventorySubCategory,Deleted)VALUES(57,2,4,'Chicken Tortilla',7,0)
INSERT INTO InventoryItem (ID,collectionIndex,InventoryMeasure,ItemName,InventorySubCategory,Deleted)VALUES(58,3,4,'Chili',7,0)
INSERT INTO InventoryItem (ID,collectionIndex,InventoryMeasure,ItemName,InventorySubCategory,Deleted)VALUES(59,4,4,'Loaded Potato',7,0)
INSERT INTO InventoryItem (ID,collectionIndex,InventoryMeasure,ItemName,InventorySubCategory,Deleted)VALUES(60,5,4,'tomato basil',7,0)
INSERT INTO InventoryItem (ID,collectionIndex,InventoryMeasure,ItemName,InventorySubCategory,Deleted)VALUES(61,0,1,'Cheetos',8,0)
INSERT INTO InventoryItem (ID,collectionIndex,InventoryMeasure,ItemName,InventorySubCategory,Deleted)VALUES(62,1,1,'Dorrito Nacho',8,0)
INSERT INTO InventoryItem (ID,collectionIndex,InventoryMeasure,ItemName,InventorySubCategory,Deleted)VALUES(63,2,1,'Lays BBQ Baked',8,0)
INSERT INTO InventoryItem (ID,collectionIndex,InventoryMeasure,ItemName,InventorySubCategory,Deleted)VALUES(64,3,1,'Lays Regular',8,0)
INSERT INTO InventoryItem (ID,collectionIndex,InventoryMeasure,ItemName,InventorySubCategory,Deleted)VALUES(65,4,1,'Lays Rg Baked',8,0)
INSERT INTO InventoryItem (ID,collectionIndex,InventoryMeasure,ItemName,InventorySubCategory,Deleted)VALUES(66,5,1,'Miss Vick BBQ',8,0)
INSERT INTO InventoryItem (ID,collectionIndex,InventoryMeasure,ItemName,InventorySubCategory,Deleted)VALUES(67,6,1,'Miss Vick Jalepeno',8,0)
INSERT INTO InventoryItem (ID,collectionIndex,InventoryMeasure,ItemName,InventorySubCategory,Deleted)VALUES(68,7,1,'Miss Vick Ranch',8,0)
INSERT INTO InventoryItem (ID,collectionIndex,InventoryMeasure,ItemName,InventorySubCategory,Deleted)VALUES(69,8,1,'Miss Vick Sea Salt',8,0)
INSERT INTO InventoryItem (ID,collectionIndex,InventoryMeasure,ItemName,InventorySubCategory,Deleted)VALUES(70,9,1,'Sun Chip Cheddar',8,0)
INSERT INTO InventoryItem (ID,collectionIndex,InventoryMeasure,ItemName,InventorySubCategory,Deleted)VALUES(71,10,1,'Sun Chip Garden Salsa',8,0)
INSERT INTO InventoryItem (ID,collectionIndex,InventoryMeasure,ItemName,InventorySubCategory,Deleted)VALUES(72,0,4,'Alfredo Sauce',9,0)
INSERT INTO InventoryItem (ID,collectionIndex,InventoryMeasure,ItemName,InventorySubCategory,Deleted)VALUES(73,1,4,'Balsamic, fat free',9,0)
INSERT INTO InventoryItem (ID,collectionIndex,InventoryMeasure,ItemName,InventorySubCategory,Deleted)VALUES(74,2,1,'Basil Pesto',9,0)
INSERT INTO InventoryItem (ID,collectionIndex,InventoryMeasure,ItemName,InventorySubCategory,Deleted)VALUES(75,3,4,'Batch 83',9,0)
INSERT INTO InventoryItem (ID,collectionIndex,InventoryMeasure,ItemName,InventorySubCategory,Deleted)VALUES(76,4,4,'Bourbon Mustard',9,0)
INSERT INTO InventoryItem (ID,collectionIndex,InventoryMeasure,ItemName,InventorySubCategory,Deleted)VALUES(77,5,4,'Caesar Dressing',9,0)
INSERT INTO InventoryItem (ID,collectionIndex,InventoryMeasure,ItemName,InventorySubCategory,Deleted)VALUES(78,6,9,'Chipotle Mayo',9,0)
INSERT INTO InventoryItem (ID,collectionIndex,InventoryMeasure,ItemName,InventorySubCategory,Deleted)VALUES(79,7,9,'Country BBQ',9,0)
INSERT INTO InventoryItem (ID,collectionIndex,InventoryMeasure,ItemName,InventorySubCategory,Deleted)VALUES(80,8,4,'French On',9,0)
INSERT INTO InventoryItem (ID,collectionIndex,InventoryMeasure,ItemName,InventorySubCategory,Deleted)VALUES(81,9,4,'Honey French',9,0)
INSERT INTO InventoryItem (ID,collectionIndex,InventoryMeasure,ItemName,InventorySubCategory,Deleted)VALUES(82,10,9,'Honey Mustard',9,0)
INSERT INTO InventoryItem (ID,collectionIndex,InventoryMeasure,ItemName,InventorySubCategory,Deleted)VALUES(83,11,9,'Mayo',9,0)
INSERT INTO InventoryItem (ID,collectionIndex,InventoryMeasure,ItemName,InventorySubCategory,Deleted)VALUES(84,12,9,'Mild Peppercorn',9,0)
INSERT INTO InventoryItem (ID,collectionIndex,InventoryMeasure,ItemName,InventorySubCategory,Deleted)VALUES(85,13,9,'Mild Peppercorn-2',9,0)
INSERT INTO InventoryItem (ID,collectionIndex,InventoryMeasure,ItemName,InventorySubCategory,Deleted)VALUES(86,14,9,'Mustard - French''s',9,0)
INSERT INTO InventoryItem (ID,collectionIndex,InventoryMeasure,ItemName,InventorySubCategory,Deleted)VALUES(87,15,9,'Ranch',9,0)
INSERT INTO InventoryItem (ID,collectionIndex,InventoryMeasure,ItemName,InventorySubCategory,Deleted)VALUES(88,16,4,'Raspberry Chipotle Sau',9,0)
INSERT INTO InventoryItem (ID,collectionIndex,InventoryMeasure,ItemName,InventorySubCategory,Deleted)VALUES(89,17,4,'Red Pepper Pesto',9,0)
INSERT INTO InventoryItem (ID,collectionIndex,InventoryMeasure,ItemName,InventorySubCategory,Deleted)VALUES(90,18,9,'Red Wine Vinaigrette',9,0)
INSERT INTO InventoryItem (ID,collectionIndex,InventoryMeasure,ItemName,InventorySubCategory,Deleted)VALUES(91,19,9,'Smokey Mustard',9,0)
INSERT INTO InventoryItem (ID,collectionIndex,InventoryMeasure,ItemName,InventorySubCategory,Deleted)VALUES(92,20,9,'Smokey Mustard-2',9,0)
INSERT INTO InventoryItem (ID,collectionIndex,InventoryMeasure,ItemName,InventorySubCategory,Deleted)VALUES(93,21,4,'Zesty Grill',9,0)
INSERT INTO InventoryItem (ID,collectionIndex,InventoryMeasure,ItemName,InventorySubCategory,Deleted)VALUES(94,0,10,'Au Jus',10,0)
INSERT INTO InventoryItem (ID,collectionIndex,InventoryMeasure,ItemName,InventorySubCategory,Deleted)VALUES(95,1,10,'Banana Peppers',10,0)
INSERT INTO InventoryItem (ID,collectionIndex,InventoryMeasure,ItemName,InventorySubCategory,Deleted)VALUES(96,2,4,'Chopped eggs',10,0)
INSERT INTO InventoryItem (ID,collectionIndex,InventoryMeasure,ItemName,InventorySubCategory,Deleted)VALUES(97,3,1,'Frozen herb',10,0)
INSERT INTO InventoryItem (ID,collectionIndex,InventoryMeasure,ItemName,InventorySubCategory,Deleted)VALUES(98,4,2,'Garlic Seasoning',10,0)
INSERT INTO InventoryItem (ID,collectionIndex,InventoryMeasure,ItemName,InventorySubCategory,Deleted)VALUES(99,5,4,'Guacamole',10,0)
INSERT INTO InventoryItem (ID,collectionIndex,InventoryMeasure,ItemName,InventorySubCategory,Deleted)VALUES(100,6,4,'Jalapenos',10,0)
INSERT INTO InventoryItem (ID,collectionIndex,InventoryMeasure,ItemName,InventorySubCategory,Deleted)VALUES(101,7,1,'Mesquite',10,0)
INSERT INTO InventoryItem (ID,collectionIndex,InventoryMeasure,ItemName,InventorySubCategory,Deleted)VALUES(102,8,9,'Olive oil',10,0)
INSERT INTO InventoryItem (ID,collectionIndex,InventoryMeasure,ItemName,InventorySubCategory,Deleted)VALUES(103,9,1,'Pan Roasted Au Jus',10,0)
INSERT INTO InventoryItem (ID,collectionIndex,InventoryMeasure,ItemName,InventorySubCategory,Deleted)VALUES(104,10,4,'Pepper Port Pack',10,0)
INSERT INTO InventoryItem (ID,collectionIndex,InventoryMeasure,ItemName,InventorySubCategory,Deleted)VALUES(105,11,4,'Pepperoncini',10,0)
INSERT INTO InventoryItem (ID,collectionIndex,InventoryMeasure,ItemName,InventorySubCategory,Deleted)VALUES(106,12,4,'Pickles',10,0)
INSERT INTO InventoryItem (ID,collectionIndex,InventoryMeasure,ItemName,InventorySubCategory,Deleted)VALUES(107,13,2,'Quiznos Herb',10,0)
INSERT INTO InventoryItem (ID,collectionIndex,InventoryMeasure,ItemName,InventorySubCategory,Deleted)VALUES(108,14,4,'Salt Ind',10,0)
INSERT INTO InventoryItem (ID,collectionIndex,InventoryMeasure,ItemName,InventorySubCategory,Deleted)VALUES(109,15,3,'Saltine Crackers',10,0)
INSERT INTO InventoryItem (ID,collectionIndex,InventoryMeasure,ItemName,InventorySubCategory,Deleted)VALUES(110,16,3,'Sugar Ind',10,0)
INSERT INTO InventoryItem (ID,collectionIndex,InventoryMeasure,ItemName,InventorySubCategory,Deleted)VALUES(111,17,3,'Sweet & Low',10,0)
INSERT INTO InventoryItem (ID,collectionIndex,InventoryMeasure,ItemName,InventorySubCategory,Deleted)VALUES(112,0,1,'Choc Chip',11,0)
INSERT INTO InventoryItem (ID,collectionIndex,InventoryMeasure,ItemName,InventorySubCategory,Deleted)VALUES(113,1,1,'Cookies 15 oz',11,0)
INSERT INTO InventoryItem (ID,collectionIndex,InventoryMeasure,ItemName,InventorySubCategory,Deleted)VALUES(114,2,1,'Double Choc',11,0)
INSERT INTO InventoryItem (ID,collectionIndex,InventoryMeasure,ItemName,InventorySubCategory,Deleted)VALUES(115,3,1,'Oatmeal Raison',11,0)
INSERT INTO InventoryItem (ID,collectionIndex,InventoryMeasure,ItemName,InventorySubCategory,Deleted)VALUES(116,4,1,'Snicker Doodle (sgr)',11,0)
INSERT INTO InventoryItem (ID,collectionIndex,InventoryMeasure,ItemName,InventorySubCategory,Deleted)VALUES(117,0,1,'Catering Tray 12 "',12,0)
INSERT INTO InventoryItem (ID,collectionIndex,InventoryMeasure,ItemName,InventorySubCategory,Deleted)VALUES(118,1,1,'Catering Tray 16 "',12,0)
INSERT INTO InventoryItem (ID,collectionIndex,InventoryMeasure,ItemName,InventorySubCategory,Deleted)VALUES(119,2,1,'Catering Tray 18 "',12,0)
INSERT INTO InventoryItem (ID,collectionIndex,InventoryMeasure,ItemName,InventorySubCategory,Deleted)VALUES(120,3,7,'Cup 16 oz Quiz',12,0)
INSERT INTO InventoryItem (ID,collectionIndex,InventoryMeasure,ItemName,InventorySubCategory,Deleted)VALUES(121,4,7,'Cup 20 oz Quiz',12,0)
INSERT INTO InventoryItem (ID,collectionIndex,InventoryMeasure,ItemName,InventorySubCategory,Deleted)VALUES(122,5,7,'Cup 32 oz Quiz',12,0)
INSERT INTO InventoryItem (ID,collectionIndex,InventoryMeasure,ItemName,InventorySubCategory,Deleted)VALUES(123,6,1,'Cup Carrier',12,0)
INSERT INTO InventoryItem (ID,collectionIndex,InventoryMeasure,ItemName,InventorySubCategory,Deleted)VALUES(124,7,1,'Del Box individual',12,0)
INSERT INTO InventoryItem (ID,collectionIndex,InventoryMeasure,ItemName,InventorySubCategory,Deleted)VALUES(125,8,6,'Deli wrap',12,0)
INSERT INTO InventoryItem (ID,collectionIndex,InventoryMeasure,ItemName,InventorySubCategory,Deleted)VALUES(126,9,3,'Film Roll',12,0)
INSERT INTO InventoryItem (ID,collectionIndex,InventoryMeasure,ItemName,InventorySubCategory,Deleted)VALUES(127,10,3,'Foil Roll',12,0)
INSERT INTO InventoryItem (ID,collectionIndex,InventoryMeasure,ItemName,InventorySubCategory,Deleted)VALUES(128,11,3,'Forks',12,0)
INSERT INTO InventoryItem (ID,collectionIndex,InventoryMeasure,ItemName,InventorySubCategory,Deleted)VALUES(129,12,6,'Frill Pick',12,0)
INSERT INTO InventoryItem (ID,collectionIndex,InventoryMeasure,ItemName,InventorySubCategory,Deleted)VALUES(130,13,1,'Kid Meal Boxes',12,0)
INSERT INTO InventoryItem (ID,collectionIndex,InventoryMeasure,ItemName,InventorySubCategory,Deleted)VALUES(131,14,3,'Knives',12,0)
INSERT INTO InventoryItem (ID,collectionIndex,InventoryMeasure,ItemName,InventorySubCategory,Deleted)VALUES(132,15,1,'Lid 12" Tray',12,0)
INSERT INTO InventoryItem (ID,collectionIndex,InventoryMeasure,ItemName,InventorySubCategory,Deleted)VALUES(133,16,1,'Lid 16" Tray',12,0)
INSERT INTO InventoryItem (ID,collectionIndex,InventoryMeasure,ItemName,InventorySubCategory,Deleted)VALUES(134,17,1,'Lid 18" Tray',12,0)
INSERT INTO InventoryItem (ID,collectionIndex,InventoryMeasure,ItemName,InventorySubCategory,Deleted)VALUES(135,18,7,'Lid 22 oz',12,0)
INSERT INTO InventoryItem (ID,collectionIndex,InventoryMeasure,ItemName,InventorySubCategory,Deleted)VALUES(136,19,7,'Lid 32 oz',12,0)
INSERT INTO InventoryItem (ID,collectionIndex,InventoryMeasure,ItemName,InventorySubCategory,Deleted)VALUES(137,20,7,'Lid Mall 32 oz',12,0)
INSERT INTO InventoryItem (ID,collectionIndex,InventoryMeasure,ItemName,InventorySubCategory,Deleted)VALUES(138,21,7,'Lid Souffle Cup 3 oz',12,0)
INSERT INTO InventoryItem (ID,collectionIndex,InventoryMeasure,ItemName,InventorySubCategory,Deleted)VALUES(139,22,1,'Lrg Salad Contn',12,0)
INSERT INTO InventoryItem (ID,collectionIndex,InventoryMeasure,ItemName,InventorySubCategory,Deleted)VALUES(140,23,1,'Lrg Salad Contn Lid',12,0)
INSERT INTO InventoryItem (ID,collectionIndex,InventoryMeasure,ItemName,InventorySubCategory,Deleted)VALUES(141,24,7,'Mall 32 oz white',12,0)
INSERT INTO InventoryItem (ID,collectionIndex,InventoryMeasure,ItemName,InventorySubCategory,Deleted)VALUES(142,25,7,'Napkins',12,0)
INSERT INTO InventoryItem (ID,collectionIndex,InventoryMeasure,ItemName,InventorySubCategory,Deleted)VALUES(143,26,7,'Paper plates',12,0)
INSERT INTO InventoryItem (ID,collectionIndex,InventoryMeasure,ItemName,InventorySubCategory,Deleted)VALUES(144,27,3,'Plastic Barrel bag',12,0)
INSERT INTO InventoryItem (ID,collectionIndex,InventoryMeasure,ItemName,InventorySubCategory,Deleted)VALUES(145,28,3,'Sammies sleeve',12,0)
INSERT INTO InventoryItem (ID,collectionIndex,InventoryMeasure,ItemName,InventorySubCategory,Deleted)VALUES(146,29,8,'Sand Wrap',12,0)
INSERT INTO InventoryItem (ID,collectionIndex,InventoryMeasure,ItemName,InventorySubCategory,Deleted)VALUES(147,30,1,'Sm Salad Cont',12,0)
INSERT INTO InventoryItem (ID,collectionIndex,InventoryMeasure,ItemName,InventorySubCategory,Deleted)VALUES(148,31,1,'Sm Salad Cont Lid',12,0)
INSERT INTO InventoryItem (ID,collectionIndex,InventoryMeasure,ItemName,InventorySubCategory,Deleted)VALUES(149,32,7,'Souffle Cup 3 oz',12,0)
INSERT INTO InventoryItem (ID,collectionIndex,InventoryMeasure,ItemName,InventorySubCategory,Deleted)VALUES(150,33,8,'Soup bag',12,0)
INSERT INTO InventoryItem (ID,collectionIndex,InventoryMeasure,ItemName,InventorySubCategory,Deleted)VALUES(151,34,7,'Soup Bowl',12,0)
INSERT INTO InventoryItem (ID,collectionIndex,InventoryMeasure,ItemName,InventorySubCategory,Deleted)VALUES(152,35,7,'Soup Cup',12,0)
INSERT INTO InventoryItem (ID,collectionIndex,InventoryMeasure,ItemName,InventorySubCategory,Deleted)VALUES(153,36,7,'Soup Lid bowl',12,0)
INSERT INTO InventoryItem (ID,collectionIndex,InventoryMeasure,ItemName,InventorySubCategory,Deleted)VALUES(154,37,3,'Spoons',12,0)
INSERT INTO InventoryItem (ID,collectionIndex,InventoryMeasure,ItemName,InventorySubCategory,Deleted)VALUES(155,38,4,'Wrapped straws',12,0)
INSERT INTO InventoryItem (ID,collectionIndex,InventoryMeasure,ItemName,InventorySubCategory,Deleted)VALUES(156,39,6,'Wrapped toothpick',12,0)
INSERT INTO InventoryItem (ID,collectionIndex,InventoryMeasure,ItemName,InventorySubCategory,Deleted)VALUES(201,0,2,'Blue Chz Crumbles',13,0)
INSERT INTO InventoryItem (ID,collectionIndex,InventoryMeasure,ItemName,InventorySubCategory,Deleted)VALUES(202,1,4,'Caesar Cheese Blend',13,0)
INSERT INTO InventoryItem (ID,collectionIndex,InventoryMeasure,ItemName,InventorySubCategory,Deleted)VALUES(203,2,2,'Cheese Cheddar',13,0)
INSERT INTO InventoryItem (ID,collectionIndex,InventoryMeasure,ItemName,InventorySubCategory,Deleted)VALUES(204,3,2,'Cheese-Mozzarella',13,0)
INSERT INTO InventoryItem (ID,collectionIndex,InventoryMeasure,ItemName,InventorySubCategory,Deleted)VALUES(205,4,2,'Cheese-Swiss',13,0)
INSERT INTO InventoryItem (ID,collectionIndex,InventoryMeasure,ItemName,InventorySubCategory,Deleted)VALUES(206,5,5,'Habanero Cheese',13,0)

INSERT INTO InventoryWeeklyRecord  (ID,Quantity,UnitCost,InventoryItem,ReportingWeek) VALUES  (	1	,	110	, 	10.2	,	1	 ,	2	)
INSERT INTO InventoryWeeklyRecord  (ID,Quantity,UnitCost,InventoryItem,ReportingWeek) VALUES  (	2	,	110	, 	11.2	,	2	 ,	2	)
INSERT INTO InventoryWeeklyRecord  (ID,Quantity,UnitCost,InventoryItem,ReportingWeek) VALUES  (	3	,	120	, 	12.2	,	3	 ,	2	)
INSERT INTO InventoryWeeklyRecord  (ID,Quantity,UnitCost,InventoryItem,ReportingWeek) VALUES  (	4	,	130	, 	13.2	,	4	 ,	2	)
INSERT INTO InventoryWeeklyRecord  (ID,Quantity,UnitCost,InventoryItem,ReportingWeek) VALUES  (	5	,	140	, 	14.2	,	5	 ,	2	)
INSERT INTO InventoryWeeklyRecord  (ID,Quantity,UnitCost,InventoryItem,ReportingWeek) VALUES  (	6	,	150	, 	15.2	,	6	 ,	2	)
INSERT INTO InventoryWeeklyRecord  (ID,Quantity,UnitCost,InventoryItem,ReportingWeek) VALUES  (	7	,	160	, 	16.2	,	7	 ,	2	)
INSERT INTO InventoryWeeklyRecord  (ID,Quantity,UnitCost,InventoryItem,ReportingWeek) VALUES  (	8	,	170	, 	17.2	,	8	 ,	2	)
INSERT INTO InventoryWeeklyRecord  (ID,Quantity,UnitCost,InventoryItem,ReportingWeek) VALUES  (	9	,	18.2	, 	18.2	,	9	 ,	1	)
INSERT INTO InventoryWeeklyRecord  (ID,Quantity,UnitCost,InventoryItem,ReportingWeek) VALUES  (	10	,	19.2	, 	19.2	,	10	 ,	2	)
INSERT INTO InventoryWeeklyRecord  (ID,Quantity,UnitCost,InventoryItem,ReportingWeek) VALUES  (	11	,	20.2	, 	20.2	,	11	 ,	1	)
INSERT INTO InventoryWeeklyRecord  (ID,Quantity,UnitCost,InventoryItem,ReportingWeek) VALUES  (	12	,	21.2	, 	21.2	,	12	 ,	2	)
INSERT INTO InventoryWeeklyRecord  (ID,Quantity,UnitCost,InventoryItem,ReportingWeek) VALUES  (	13	,	22.2	, 	22.2	,	13	 ,	1	)
INSERT INTO InventoryWeeklyRecord  (ID,Quantity,UnitCost,InventoryItem,ReportingWeek) VALUES  (	14	,	23.2	, 	23.2	,	14	 ,	2	)
INSERT INTO InventoryWeeklyRecord  (ID,Quantity,UnitCost,InventoryItem,ReportingWeek) VALUES  (	15	,	24.2	, 	24.2	,	15	 ,	1	)
INSERT INTO InventoryWeeklyRecord  (ID,Quantity,UnitCost,InventoryItem,ReportingWeek) VALUES  (	16	,	25.2	, 	25.2	,	16	 ,	2	)
INSERT INTO InventoryWeeklyRecord  (ID,Quantity,UnitCost,InventoryItem,ReportingWeek) VALUES  (	17	,	26.2	, 	26.2	,	17	 ,	1	)
INSERT INTO InventoryWeeklyRecord  (ID,Quantity,UnitCost,InventoryItem,ReportingWeek) VALUES  (	18	,	27.2	, 	27.2	,	18	 ,	2	)
INSERT INTO InventoryWeeklyRecord  (ID,Quantity,UnitCost,InventoryItem,ReportingWeek) VALUES  (	19	,	28.2	, 	28.2	,	19	 ,	1	)
INSERT INTO InventoryWeeklyRecord  (ID,Quantity,UnitCost,InventoryItem,ReportingWeek) VALUES  (	20	,	29.2	, 	29.2	,	20	 ,	2	)
INSERT INTO InventoryWeeklyRecord  (ID,Quantity,UnitCost,InventoryItem,ReportingWeek) VALUES  (	21	,	30.2	, 	30.2	,	21	 ,	1	)
INSERT INTO InventoryWeeklyRecord  (ID,Quantity,UnitCost,InventoryItem,ReportingWeek) VALUES  (	22	,	31.2	, 	31.2	,	22	 ,	2	)
INSERT INTO InventoryWeeklyRecord  (ID,Quantity,UnitCost,InventoryItem,ReportingWeek) VALUES  (	23	,	32.2	, 	32.2	,	23	 ,	1	)
INSERT INTO InventoryWeeklyRecord  (ID,Quantity,UnitCost,InventoryItem,ReportingWeek) VALUES  (	24	,	33.2	, 	33.2	,	24	 ,	2	)
INSERT INTO InventoryWeeklyRecord  (ID,Quantity,UnitCost,InventoryItem,ReportingWeek) VALUES  (	25	,	34.2	, 	34.2	,	25	 ,	1	)
INSERT INTO InventoryWeeklyRecord  (ID,Quantity,UnitCost,InventoryItem,ReportingWeek) VALUES  (	26	,	35.2	, 	35.2	,	26	 ,	2	)
INSERT INTO InventoryWeeklyRecord  (ID,Quantity,UnitCost,InventoryItem,ReportingWeek) VALUES  (	27	,	36.2	, 	36.2	,	27	 ,	1	)
INSERT INTO InventoryWeeklyRecord  (ID,Quantity,UnitCost,InventoryItem,ReportingWeek) VALUES  (	28	,	37.2	, 	37.2	,	28	 ,	2	)
INSERT INTO InventoryWeeklyRecord  (ID,Quantity,UnitCost,InventoryItem,ReportingWeek) VALUES  (	29	,	38.2	, 	38.2	,	29	 ,	1	)
INSERT INTO InventoryWeeklyRecord  (ID,Quantity,UnitCost,InventoryItem,ReportingWeek) VALUES  (	30	,	39.2	, 	39.2	,	30	 ,	2	)
INSERT INTO InventoryWeeklyRecord  (ID,Quantity,UnitCost,InventoryItem,ReportingWeek) VALUES  (	31	,	40.2	, 	40.2	,	31	 ,	1	)
INSERT INTO InventoryWeeklyRecord  (ID,Quantity,UnitCost,InventoryItem,ReportingWeek) VALUES  (	32	,	41.2	, 	41.2	,	32	 ,	2	)
INSERT INTO InventoryWeeklyRecord  (ID,Quantity,UnitCost,InventoryItem,ReportingWeek) VALUES  (	33	,	42.2	, 	42.2	,	33	 ,	1	)
INSERT INTO InventoryWeeklyRecord  (ID,Quantity,UnitCost,InventoryItem,ReportingWeek) VALUES  (	34	,	43.2	, 	43.2	,	34	 ,	2	)
INSERT INTO InventoryWeeklyRecord  (ID,Quantity,UnitCost,InventoryItem,ReportingWeek) VALUES  (	35	,	44.2	, 	44.2	,	35	 ,	1	)
INSERT INTO InventoryWeeklyRecord  (ID,Quantity,UnitCost,InventoryItem,ReportingWeek) VALUES  (	36	,	45.2	, 	45.2	,	36	 ,	2	)
INSERT INTO InventoryWeeklyRecord  (ID,Quantity,UnitCost,InventoryItem,ReportingWeek) VALUES  (	37	,	46.2	, 	46.2	,	37	 ,	1	)
INSERT INTO InventoryWeeklyRecord  (ID,Quantity,UnitCost,InventoryItem,ReportingWeek) VALUES  (	38	,	47.2	, 	47.2	,	38	 ,	2	)
INSERT INTO InventoryWeeklyRecord  (ID,Quantity,UnitCost,InventoryItem,ReportingWeek) VALUES  (	39	,	48.2	, 	48.2	,	39	 ,	1	)
INSERT INTO InventoryWeeklyRecord  (ID,Quantity,UnitCost,InventoryItem,ReportingWeek) VALUES  (	40	,	49.2	, 	49.2	,	40	 ,	2	)
INSERT INTO InventoryWeeklyRecord  (ID,Quantity,UnitCost,InventoryItem,ReportingWeek) VALUES  (	41	,	50.2	, 	50.2	,	41	 ,	1	)
INSERT INTO InventoryWeeklyRecord  (ID,Quantity,UnitCost,InventoryItem,ReportingWeek) VALUES  (	42	,	51.2	, 	51.2	,	42	 ,	2	)
INSERT INTO InventoryWeeklyRecord  (ID,Quantity,UnitCost,InventoryItem,ReportingWeek) VALUES  (	43	,	52.2	, 	52.2	,	43	 ,	1	)
INSERT INTO InventoryWeeklyRecord  (ID,Quantity,UnitCost,InventoryItem,ReportingWeek) VALUES  (	44	,	53.2	, 	53.2	,	44	 ,	2	)
INSERT INTO InventoryWeeklyRecord  (ID,Quantity,UnitCost,InventoryItem,ReportingWeek) VALUES  (	45	,	54.2	, 	54.2	,	45	 ,	1	)
INSERT INTO InventoryWeeklyRecord  (ID,Quantity,UnitCost,InventoryItem,ReportingWeek) VALUES  (	46	,	55.2	, 	55.2	,	46	 ,	2	)
INSERT INTO InventoryWeeklyRecord  (ID,Quantity,UnitCost,InventoryItem,ReportingWeek) VALUES  (	47	,	56.2	, 	56.2	,	47	 ,	1	)
INSERT INTO InventoryWeeklyRecord  (ID,Quantity,UnitCost,InventoryItem,ReportingWeek) VALUES  (	48	,	57.2	, 	57.2	,	48	 ,	2	)
INSERT INTO InventoryWeeklyRecord  (ID,Quantity,UnitCost,InventoryItem,ReportingWeek) VALUES  (	49	,	58.2	, 	58.2	,	49	 ,	1	)
INSERT INTO InventoryWeeklyRecord  (ID,Quantity,UnitCost,InventoryItem,ReportingWeek) VALUES  (	50	,	59.2	, 	59.2	,	50	 ,	2	)
INSERT INTO InventoryWeeklyRecord  (ID,Quantity,UnitCost,InventoryItem,ReportingWeek) VALUES  (	51	,	60.2	, 	60.2	,	51	 ,	1	)
INSERT INTO InventoryWeeklyRecord  (ID,Quantity,UnitCost,InventoryItem,ReportingWeek) VALUES  (	52	,	61.2	, 	61.2	,	52	 ,	2	)
INSERT INTO InventoryWeeklyRecord  (ID,Quantity,UnitCost,InventoryItem,ReportingWeek) VALUES  (	53	,	62.2	, 	62.2	,	53	 ,	1	)
INSERT INTO InventoryWeeklyRecord  (ID,Quantity,UnitCost,InventoryItem,ReportingWeek) VALUES  (	54	,	63.2	, 	63.2	,	54	 ,	2	)
INSERT INTO InventoryWeeklyRecord  (ID,Quantity,UnitCost,InventoryItem,ReportingWeek) VALUES  (	55	,	64.2	, 	64.2	,	55	 ,	1	)
INSERT INTO InventoryWeeklyRecord  (ID,Quantity,UnitCost,InventoryItem,ReportingWeek) VALUES  (	56	,	65.2	, 	65.2	,	56	 ,	2	)
INSERT INTO InventoryWeeklyRecord  (ID,Quantity,UnitCost,InventoryItem,ReportingWeek) VALUES  (	57	,	66.2	, 	66.2	,	57	 ,	1	)
INSERT INTO InventoryWeeklyRecord  (ID,Quantity,UnitCost,InventoryItem,ReportingWeek) VALUES  (	58	,	67.2	, 	67.2	,	58	 ,	2	)
INSERT INTO InventoryWeeklyRecord  (ID,Quantity,UnitCost,InventoryItem,ReportingWeek) VALUES  (	59	,	68.2	, 	68.2	,	59	 ,	1	)
INSERT INTO InventoryWeeklyRecord  (ID,Quantity,UnitCost,InventoryItem,ReportingWeek) VALUES  (	60	,	69.2	, 	69.2	,	60	 ,	2	)
INSERT INTO InventoryWeeklyRecord  (ID,Quantity,UnitCost,InventoryItem,ReportingWeek) VALUES  (	61	,	70.2	, 	70.2	,	61	 ,	1	)
INSERT INTO InventoryWeeklyRecord  (ID,Quantity,UnitCost,InventoryItem,ReportingWeek) VALUES  (	62	,	71.2	, 	71.2	,	62	 ,	2	)
INSERT INTO InventoryWeeklyRecord  (ID,Quantity,UnitCost,InventoryItem,ReportingWeek) VALUES  (	63	,	72.2	, 	72.2	,	63	 ,	1	)
INSERT INTO InventoryWeeklyRecord  (ID,Quantity,UnitCost,InventoryItem,ReportingWeek) VALUES  (	64	,	73.2	, 	73.2	,	64	 ,	2	)
INSERT INTO InventoryWeeklyRecord  (ID,Quantity,UnitCost,InventoryItem,ReportingWeek) VALUES  (	65	,	74.2	, 	74.2	,	65	 ,	1	)
INSERT INTO InventoryWeeklyRecord  (ID,Quantity,UnitCost,InventoryItem,ReportingWeek) VALUES  (	66	,	75.2	, 	75.2	,	66	 ,	2	)
INSERT INTO InventoryWeeklyRecord  (ID,Quantity,UnitCost,InventoryItem,ReportingWeek) VALUES  (	67	,	76.2	, 	76.2	,	67	 ,	1	)
INSERT INTO InventoryWeeklyRecord  (ID,Quantity,UnitCost,InventoryItem,ReportingWeek) VALUES  (	68	,	77.2	, 	77.2	,	68	 ,	2	)
INSERT INTO InventoryWeeklyRecord  (ID,Quantity,UnitCost,InventoryItem,ReportingWeek) VALUES  (	69	,	78.2	, 	78.2	,	69	 ,	1	)
INSERT INTO InventoryWeeklyRecord  (ID,Quantity,UnitCost,InventoryItem,ReportingWeek) VALUES  (	70	,	79.2	, 	79.2	,	70	 ,	2	)
INSERT INTO InventoryWeeklyRecord  (ID,Quantity,UnitCost,InventoryItem,ReportingWeek) VALUES  (	71	,	80.2	, 	80.2	,	71	 ,	1	)
INSERT INTO InventoryWeeklyRecord  (ID,Quantity,UnitCost,InventoryItem,ReportingWeek) VALUES  (	72	,	81.2	, 	81.2	,	72	 ,	2	)
INSERT INTO InventoryWeeklyRecord  (ID,Quantity,UnitCost,InventoryItem,ReportingWeek) VALUES  (	73	,	82.2	, 	82.2	,	73	 ,	1	)
INSERT INTO InventoryWeeklyRecord  (ID,Quantity,UnitCost,InventoryItem,ReportingWeek) VALUES  (	74	,	83.2	, 	83.2	,	74	 ,	2	)
INSERT INTO InventoryWeeklyRecord  (ID,Quantity,UnitCost,InventoryItem,ReportingWeek) VALUES  (	75	,	84.2	, 	84.2	,	75	 ,	1	)
INSERT INTO InventoryWeeklyRecord  (ID,Quantity,UnitCost,InventoryItem,ReportingWeek) VALUES  (	76	,	85.2	, 	85.2	,	76	 ,	2	)
INSERT INTO InventoryWeeklyRecord  (ID,Quantity,UnitCost,InventoryItem,ReportingWeek) VALUES  (	77	,	86.2	, 	86.2	,	77	 ,	1	)
INSERT INTO InventoryWeeklyRecord  (ID,Quantity,UnitCost,InventoryItem,ReportingWeek) VALUES  (	78	,	87.2	, 	87.2	,	78	 ,	2	)
INSERT INTO InventoryWeeklyRecord  (ID,Quantity,UnitCost,InventoryItem,ReportingWeek) VALUES  (	79	,	88.2	, 	88.2	,	79	 ,	1	)
INSERT INTO InventoryWeeklyRecord  (ID,Quantity,UnitCost,InventoryItem,ReportingWeek) VALUES  (	80	,	89.2	, 	89.2	,	80	 ,	2	)
INSERT INTO InventoryWeeklyRecord  (ID,Quantity,UnitCost,InventoryItem,ReportingWeek) VALUES  (	81	,	90.2	, 	90.2	,	81	 ,	1	)
INSERT INTO InventoryWeeklyRecord  (ID,Quantity,UnitCost,InventoryItem,ReportingWeek) VALUES  (	82	,	91.2	, 	91.2	,	82	 ,	2	)
INSERT INTO InventoryWeeklyRecord  (ID,Quantity,UnitCost,InventoryItem,ReportingWeek) VALUES  (	83	,	92.2	, 	92.2	,	83	 ,	1	)
INSERT INTO InventoryWeeklyRecord  (ID,Quantity,UnitCost,InventoryItem,ReportingWeek) VALUES  (	84	,	93.2	, 	93.2	,	84	 ,	2	)
INSERT INTO InventoryWeeklyRecord  (ID,Quantity,UnitCost,InventoryItem,ReportingWeek) VALUES  (	85	,	94.2	, 	94.2	,	85	 ,	1	)
INSERT INTO InventoryWeeklyRecord  (ID,Quantity,UnitCost,InventoryItem,ReportingWeek) VALUES  (	86	,	95.2	, 	95.2	,	86	 ,	2	)
INSERT INTO InventoryWeeklyRecord  (ID,Quantity,UnitCost,InventoryItem,ReportingWeek) VALUES  (	87	,	96.2	, 	96.2	,	87	 ,	1	)
INSERT INTO InventoryWeeklyRecord  (ID,Quantity,UnitCost,InventoryItem,ReportingWeek) VALUES  (	88	,	97.2	, 	97.2	,	88	 ,	2	)
INSERT INTO InventoryWeeklyRecord  (ID,Quantity,UnitCost,InventoryItem,ReportingWeek) VALUES  (	89	,	98.2	, 	98.2	,	89	 ,	1	)
INSERT INTO InventoryWeeklyRecord  (ID,Quantity,UnitCost,InventoryItem,ReportingWeek) VALUES  (	90	,	99.2	, 	99.2	,	90	 ,	2	)
INSERT INTO InventoryWeeklyRecord  (ID,Quantity,UnitCost,InventoryItem,ReportingWeek) VALUES  (	91	,	100.2	, 	100.2	,	91	 ,	1	)
INSERT INTO InventoryWeeklyRecord  (ID,Quantity,UnitCost,InventoryItem,ReportingWeek) VALUES  (	92	,	101.2	, 	101.2	,	92	 ,	2	)
INSERT INTO InventoryWeeklyRecord  (ID,Quantity,UnitCost,InventoryItem,ReportingWeek) VALUES  (	93	,	102.2	, 	102.2	,	93	 ,	1	)
INSERT INTO InventoryWeeklyRecord  (ID,Quantity,UnitCost,InventoryItem,ReportingWeek) VALUES  (	94	,	103.2	, 	103.2	,	94	 ,	2	)
INSERT INTO InventoryWeeklyRecord  (ID,Quantity,UnitCost,InventoryItem,ReportingWeek) VALUES  (	95	,	104.2	, 	104.2	,	95	 ,	1	)
INSERT INTO InventoryWeeklyRecord  (ID,Quantity,UnitCost,InventoryItem,ReportingWeek) VALUES  (	96	,	105.2	, 	105.2	,	96	 ,	2	)
INSERT INTO InventoryWeeklyRecord  (ID,Quantity,UnitCost,InventoryItem,ReportingWeek) VALUES  (	97	,	106.2	, 	106.2	,	97	 ,	1	)
INSERT INTO InventoryWeeklyRecord  (ID,Quantity,UnitCost,InventoryItem,ReportingWeek) VALUES  (	98	,	107.2	, 	107.2	,	98	 ,	2	)
INSERT INTO InventoryWeeklyRecord  (ID,Quantity,UnitCost,InventoryItem,ReportingWeek) VALUES  (	99	,	108.2	, 	108.2	,	99	 ,	1	)
INSERT INTO InventoryWeeklyRecord  (ID,Quantity,UnitCost,InventoryItem,ReportingWeek) VALUES  (	100	,	109.2	, 	109.2	,	100	 ,	2	)
INSERT INTO InventoryWeeklyRecord  (ID,Quantity,UnitCost,InventoryItem,ReportingWeek) VALUES  (	101	,	110.2	, 	110.2	,	101	 ,	1	)
INSERT INTO InventoryWeeklyRecord  (ID,Quantity,UnitCost,InventoryItem,ReportingWeek) VALUES  (	102	,	111.2	, 	111.2	,	102	 ,	2	)
INSERT INTO InventoryWeeklyRecord  (ID,Quantity,UnitCost,InventoryItem,ReportingWeek) VALUES  (	103	,	112.2	, 	112.2	,	103	 ,	1	)
INSERT INTO InventoryWeeklyRecord  (ID,Quantity,UnitCost,InventoryItem,ReportingWeek) VALUES  (	104	,	113.2	, 	113.2	,	104	 ,	2	)
INSERT INTO InventoryWeeklyRecord  (ID,Quantity,UnitCost,InventoryItem,ReportingWeek) VALUES  (	105	,	114.2	, 	114.2	,	105	 ,	1	)
INSERT INTO InventoryWeeklyRecord  (ID,Quantity,UnitCost,InventoryItem,ReportingWeek) VALUES  (	106	,	115.2	, 	115.2	,	106	 ,	2	)
INSERT INTO InventoryWeeklyRecord  (ID,Quantity,UnitCost,InventoryItem,ReportingWeek) VALUES  (	107	,	116.2	, 	116.2	,	107	 ,	1	)
INSERT INTO InventoryWeeklyRecord  (ID,Quantity,UnitCost,InventoryItem,ReportingWeek) VALUES  (	108	,	117.2	, 	117.2	,	108	 ,	2	)
INSERT INTO InventoryWeeklyRecord  (ID,Quantity,UnitCost,InventoryItem,ReportingWeek) VALUES  (	109	,	118.2	, 	118.2	,	109	 ,	1	)
INSERT INTO InventoryWeeklyRecord  (ID,Quantity,UnitCost,InventoryItem,ReportingWeek) VALUES  (	110	,	119.2	, 	119.2	,	110	 ,	2	)
INSERT INTO InventoryWeeklyRecord  (ID,Quantity,UnitCost,InventoryItem,ReportingWeek) VALUES  (	111	,	120.2	, 	120.2	,	111	 ,	1	)
INSERT INTO InventoryWeeklyRecord  (ID,Quantity,UnitCost,InventoryItem,ReportingWeek) VALUES  (	112	,	121.2	, 	121.2	,	112	 ,	2	)
INSERT INTO InventoryWeeklyRecord  (ID,Quantity,UnitCost,InventoryItem,ReportingWeek) VALUES  (	113	,	122.2	, 	122.2	,	113	 ,	1	)
INSERT INTO InventoryWeeklyRecord  (ID,Quantity,UnitCost,InventoryItem,ReportingWeek) VALUES  (	114	,	123.2	, 	123.2	,	114	 ,	2	)
INSERT INTO InventoryWeeklyRecord  (ID,Quantity,UnitCost,InventoryItem,ReportingWeek) VALUES  (	115	,	124.2	, 	124.2	,	115	 ,	1	)
INSERT INTO InventoryWeeklyRecord  (ID,Quantity,UnitCost,InventoryItem,ReportingWeek) VALUES  (	116	,	125.2	, 	125.2	,	116	 ,	2	)
INSERT INTO InventoryWeeklyRecord  (ID,Quantity,UnitCost,InventoryItem,ReportingWeek) VALUES  (	117	,	126.2	, 	126.2	,	117	 ,	1	)
INSERT INTO InventoryWeeklyRecord  (ID,Quantity,UnitCost,InventoryItem,ReportingWeek) VALUES  (	118	,	127.2	, 	127.2	,	118	 ,	2	)
INSERT INTO InventoryWeeklyRecord  (ID,Quantity,UnitCost,InventoryItem,ReportingWeek) VALUES  (	119	,	128.2	, 	128.2	,	119	 ,	1	)
INSERT INTO InventoryWeeklyRecord  (ID,Quantity,UnitCost,InventoryItem,ReportingWeek) VALUES  (	120	,	129.2	, 	129.2	,	120	 ,	2	)
INSERT INTO InventoryWeeklyRecord  (ID,Quantity,UnitCost,InventoryItem,ReportingWeek) VALUES  (	121	,	130.2	, 	130.2	,	121	 ,	1	)
INSERT INTO InventoryWeeklyRecord  (ID,Quantity,UnitCost,InventoryItem,ReportingWeek) VALUES  (	122	,	131.2	, 	131.2	,	122	 ,	2	)
INSERT INTO InventoryWeeklyRecord  (ID,Quantity,UnitCost,InventoryItem,ReportingWeek) VALUES  (	123	,	132.2	, 	132.2	,	123	 ,	1	)
INSERT INTO InventoryWeeklyRecord  (ID,Quantity,UnitCost,InventoryItem,ReportingWeek) VALUES  (	124	,	133.2	, 	133.2	,	124	 ,	2	)
INSERT INTO InventoryWeeklyRecord  (ID,Quantity,UnitCost,InventoryItem,ReportingWeek) VALUES  (	125	,	134.2	, 	134.2	,	125	 ,	1	)
INSERT INTO InventoryWeeklyRecord  (ID,Quantity,UnitCost,InventoryItem,ReportingWeek) VALUES  (	126	,	135.2	, 	135.2	,	126	 ,	2	)
INSERT INTO InventoryWeeklyRecord  (ID,Quantity,UnitCost,InventoryItem,ReportingWeek) VALUES  (	127	,	136.2	, 	136.2	,	127	 ,	1	)
INSERT INTO InventoryWeeklyRecord  (ID,Quantity,UnitCost,InventoryItem,ReportingWeek) VALUES  (	128	,	137.2	, 	137.2	,	128	 ,	2	)
INSERT INTO InventoryWeeklyRecord  (ID,Quantity,UnitCost,InventoryItem,ReportingWeek) VALUES  (	129	,	138.2	, 	138.2	,	129	 ,	1	)
INSERT INTO InventoryWeeklyRecord  (ID,Quantity,UnitCost,InventoryItem,ReportingWeek) VALUES  (	130	,	139.2	, 	139.2	,	130	 ,	2	)
INSERT INTO InventoryWeeklyRecord  (ID,Quantity,UnitCost,InventoryItem,ReportingWeek) VALUES  (	131	,	140.2	, 	140.2	,	131	 ,	1	)
INSERT INTO InventoryWeeklyRecord  (ID,Quantity,UnitCost,InventoryItem,ReportingWeek) VALUES  (	132	,	141.2	, 	141.2	,	132	 ,	2	)
INSERT INTO InventoryWeeklyRecord  (ID,Quantity,UnitCost,InventoryItem,ReportingWeek) VALUES  (	133	,	142.2	, 	142.2	,	133	 ,	1	)
INSERT INTO InventoryWeeklyRecord  (ID,Quantity,UnitCost,InventoryItem,ReportingWeek) VALUES  (	134	,	143.2	, 	143.2	,	134	 ,	2	)
INSERT INTO InventoryWeeklyRecord  (ID,Quantity,UnitCost,InventoryItem,ReportingWeek) VALUES  (	135	,	144.2	, 	144.2	,	135	 ,	1	)
INSERT INTO InventoryWeeklyRecord  (ID,Quantity,UnitCost,InventoryItem,ReportingWeek) VALUES  (	136	,	145.2	, 	145.2	,	136	 ,	2	)
INSERT INTO InventoryWeeklyRecord  (ID,Quantity,UnitCost,InventoryItem,ReportingWeek) VALUES  (	137	,	146.2	, 	146.2	,	137	 ,	1	)
INSERT INTO InventoryWeeklyRecord  (ID,Quantity,UnitCost,InventoryItem,ReportingWeek) VALUES  (	138	,	147.2	, 	147.2	,	138	 ,	2	)
INSERT INTO InventoryWeeklyRecord  (ID,Quantity,UnitCost,InventoryItem,ReportingWeek) VALUES  (	139	,	148.2	, 	148.2	,	139	 ,	1	)
INSERT INTO InventoryWeeklyRecord  (ID,Quantity,UnitCost,InventoryItem,ReportingWeek) VALUES  (	140	,	149.2	, 	149.2	,	140	 ,	2	)
INSERT INTO InventoryWeeklyRecord  (ID,Quantity,UnitCost,InventoryItem,ReportingWeek) VALUES  (	141	,	150.2	, 	150.2	,	141	 ,	1	)
INSERT INTO InventoryWeeklyRecord  (ID,Quantity,UnitCost,InventoryItem,ReportingWeek) VALUES  (	142	,	151.2	, 	151.2	,	142	 ,	2	)
INSERT INTO InventoryWeeklyRecord  (ID,Quantity,UnitCost,InventoryItem,ReportingWeek) VALUES  (	143	,	152.2	, 	152.2	,	143	 ,	1	)
INSERT INTO InventoryWeeklyRecord  (ID,Quantity,UnitCost,InventoryItem,ReportingWeek) VALUES  (	144	,	153.2	, 	153.2	,	144	 ,	2	)
INSERT INTO InventoryWeeklyRecord  (ID,Quantity,UnitCost,InventoryItem,ReportingWeek) VALUES  (	145	,	154.2	, 	154.2	,	145	 ,	1	)
INSERT INTO InventoryWeeklyRecord  (ID,Quantity,UnitCost,InventoryItem,ReportingWeek) VALUES  (	146	,	155.2	, 	155.2	,	146	 ,	2	)
INSERT INTO InventoryWeeklyRecord  (ID,Quantity,UnitCost,InventoryItem,ReportingWeek) VALUES  (	147	,	156.2	, 	156.2	,	147	 ,	1	)
INSERT INTO InventoryWeeklyRecord  (ID,Quantity,UnitCost,InventoryItem,ReportingWeek) VALUES  (	148	,	157.2	, 	157.2	,	148	 ,	2	)
INSERT INTO InventoryWeeklyRecord  (ID,Quantity,UnitCost,InventoryItem,ReportingWeek) VALUES  (	149	,	158.2	, 	158.2	,	149	 ,	1	)
INSERT INTO InventoryWeeklyRecord  (ID,Quantity,UnitCost,InventoryItem,ReportingWeek) VALUES  (	150	,	159.2	, 	159.2	,	150	 ,	2	)
INSERT INTO InventoryWeeklyRecord  (ID,Quantity,UnitCost,InventoryItem,ReportingWeek) VALUES  (	151	,	160.2	, 	160.2	,	151	 ,	1	)
INSERT INTO InventoryWeeklyRecord  (ID,Quantity,UnitCost,InventoryItem,ReportingWeek) VALUES  (	152	,	161.2	, 	161.2	,	152	 ,	2	)
INSERT INTO InventoryWeeklyRecord  (ID,Quantity,UnitCost,InventoryItem,ReportingWeek) VALUES  (	153	,	162.2	, 	162.2	,	153	 ,	1	)
INSERT INTO InventoryWeeklyRecord  (ID,Quantity,UnitCost,InventoryItem,ReportingWeek) VALUES  (	154	,	163.2	, 	163.2	,	154	 ,	2	)
INSERT INTO InventoryWeeklyRecord  (ID,Quantity,UnitCost,InventoryItem,ReportingWeek) VALUES  (	155	,	164.2	, 	164.2	,	155	 ,	1	)
INSERT INTO InventoryWeeklyRecord  (ID,Quantity,UnitCost,InventoryItem,ReportingWeek) VALUES  (	156	,	165.2	, 	165.2	,	156	 ,	2	)
INSERT INTO InventoryWeeklyRecord  (ID,Quantity,UnitCost,InventoryItem,ReportingWeek) VALUES  (	201	,	10	, 	210.2	,	201	 ,	2	)
INSERT INTO InventoryWeeklyRecord  (ID,Quantity,UnitCost,InventoryItem,ReportingWeek) VALUES  (	202	,	20	, 	211.2	,	202	 ,	2	)
INSERT INTO InventoryWeeklyRecord  (ID,Quantity,UnitCost,InventoryItem,ReportingWeek) VALUES  (	203	,	30	, 	212.2	,	203	 ,	2	)
INSERT INTO InventoryWeeklyRecord  (ID,Quantity,UnitCost,InventoryItem,ReportingWeek) VALUES  (	204	,	40	, 	213.2	,	204	 ,	2	)
INSERT INTO InventoryWeeklyRecord  (ID,Quantity,UnitCost,InventoryItem,ReportingWeek) VALUES  (	205	,	50	, 	214.2	,	205	 ,	2	)
INSERT INTO InventoryWeeklyRecord  (ID,Quantity,UnitCost,InventoryItem,ReportingWeek) VALUES  (	206	,	0	, 	215.2	,	206	 ,	2	)

INSERT INTO InventoryWeeklyRecord  (ID,Quantity,UnitCost,InventoryItem,ReportingWeek) VALUES  (	207	,	110	, 	10.2	,	1	 ,	3	)
INSERT INTO InventoryWeeklyRecord  (ID,Quantity,UnitCost,InventoryItem,ReportingWeek) VALUES  (	208	,	110	, 	11.2	,	2	 ,	3	)
INSERT INTO InventoryWeeklyRecord  (ID,Quantity,UnitCost,InventoryItem,ReportingWeek) VALUES  (	209	,	120	, 	12.2	,	3	 ,	3	)
INSERT INTO InventoryWeeklyRecord  (ID,Quantity,UnitCost,InventoryItem,ReportingWeek) VALUES  (	210	,	130	, 	13.2	,	4	 ,	3	)
INSERT INTO InventoryWeeklyRecord  (ID,Quantity,UnitCost,InventoryItem,ReportingWeek) VALUES  (	211	,	140	, 	14.2	,	5	 ,	3	)
INSERT INTO InventoryWeeklyRecord  (ID,Quantity,UnitCost,InventoryItem,ReportingWeek) VALUES  (	212	,	150	, 	15.2	,	6	 ,	3	)
INSERT INTO InventoryWeeklyRecord  (ID,Quantity,UnitCost,InventoryItem,ReportingWeek) VALUES  (	213	,	160	, 	16.2	,	7	 ,	3	)
INSERT INTO InventoryWeeklyRecord  (ID,Quantity,UnitCost,InventoryItem,ReportingWeek) VALUES  (	214	,	170	, 	17.2	,	8	 ,	3	)
INSERT INTO InventoryWeeklyRecord  (ID,Quantity,UnitCost,InventoryItem,ReportingWeek) VALUES  (	215	,	18.2	, 	18.2	,	9	 ,	3	)
INSERT INTO InventoryWeeklyRecord  (ID,Quantity,UnitCost,InventoryItem,ReportingWeek) VALUES  (	216	,	19.2	, 	19.2	,	10	 ,	3	)
INSERT INTO InventoryWeeklyRecord  (ID,Quantity,UnitCost,InventoryItem,ReportingWeek) VALUES  (	217	,	20.2	, 	20.2	,	11	 ,	3	)
INSERT INTO InventoryWeeklyRecord  (ID,Quantity,UnitCost,InventoryItem,ReportingWeek) VALUES  (	218	,	21.2	, 	21.2	,	12	 ,	3	)
INSERT INTO InventoryWeeklyRecord  (ID,Quantity,UnitCost,InventoryItem,ReportingWeek) VALUES  (	219	,	22.2	, 	22.2	,	13	 ,	3	)
INSERT INTO InventoryWeeklyRecord  (ID,Quantity,UnitCost,InventoryItem,ReportingWeek) VALUES  (	220	,	23.2	, 	23.2	,	14	 ,	3	)
INSERT INTO InventoryWeeklyRecord  (ID,Quantity,UnitCost,InventoryItem,ReportingWeek) VALUES  (	222	,	24.2	, 	24.2	,	15	 ,	3	)
INSERT INTO InventoryWeeklyRecord  (ID,Quantity,UnitCost,InventoryItem,ReportingWeek) VALUES  (	223	,	25.2	, 	25.2	,	16	 ,	3	)
INSERT INTO InventoryWeeklyRecord  (ID,Quantity,UnitCost,InventoryItem,ReportingWeek) VALUES  (	224	,	26.2	, 	26.2	,	17	 ,	3	)
										
INSERT INTO Folder (ID,Name,Parent,Store,Uploaded) VALUES (1,'Financial Statements',NULL,1,1)
INSERT INTO Folder (ID,Name,Parent,Store,Uploaded) VALUES (2,'Daily Summaries',NULL,1,0)
INSERT INTO Folder (ID,Name,Parent,Store,Uploaded) VALUES (3,'Purchase Journals',NULL,1,0)
INSERT INTO Folder (ID,Name,Parent,Store,Uploaded) VALUES (4,'Inventory Summaries',NULL,1,0)
INSERT INTO Folder (ID,Name,Parent,Store,Uploaded) VALUES (5,'Waste Tracking',NULL,1,0)
INSERT INTO Folder (ID,Name,Parent,Store,Uploaded) VALUES (6,'Payroll Statements',NULL,1,1)
INSERT INTO Folder (ID,Name,Parent,Store,Uploaded) VALUES (7,'Bank Statements',NULL,1,1)
INSERT INTO Folder (ID,Name,Parent,Store,Uploaded) VALUES (8,'Other',NULL,1,1)

INSERT INTO Folder (ID,Name,Parent,Store,Uploaded) VALUES (9,'Financial Statements',NULL,2,1)
INSERT INTO Folder (ID,Name,Parent,Store,Uploaded) VALUES (10,'Daily Summaries',NULL,2,0)
INSERT INTO Folder (ID,Name,Parent,Store,Uploaded) VALUES (11,'Purchase Journals',NULL,2,0)
INSERT INTO Folder (ID,Name,Parent,Store,Uploaded) VALUES (12,'Inventory Summaries',NULL,2,0)
INSERT INTO Folder (ID,Name,Parent,Store,Uploaded) VALUES (13,'Waste Tracking',NULL,2,0)
INSERT INTO Folder (ID,Name,Parent,Store,Uploaded) VALUES (14,'Payroll Statements',NULL,2,1)
INSERT INTO Folder (ID,Name,Parent,Store,Uploaded) VALUES (15,'Bank Statements',NULL,2,1)
INSERT INTO Folder (ID,Name,Parent,Store,Uploaded) VALUES (16,'Other',NULL,2,1)

INSERT INTO Folder (ID,Name,Parent,Store,Uploaded) VALUES (17,'Financial Statements',NULL,3,1)
INSERT INTO Folder (ID,Name,Parent,Store,Uploaded) VALUES (18,'Daily Summaries',NULL,3,0)
INSERT INTO Folder (ID,Name,Parent,Store,Uploaded) VALUES (19,'Purchase Journals',NULL,3,0)
INSERT INTO Folder (ID,Name,Parent,Store,Uploaded) VALUES (20,'Inventory Summaries',NULL,3,0)
INSERT INTO Folder (ID,Name,Parent,Store,Uploaded) VALUES (21,'Waste Tracking',NULL,3,0)
INSERT INTO Folder (ID,Name,Parent,Store,Uploaded) VALUES (22,'Payroll Statements',NULL,3,1)
INSERT INTO Folder (ID,Name,Parent,Store,Uploaded) VALUES (23,'Bank Statements',NULL,3,1)
INSERT INTO Folder (ID,Name,Parent,Store,Uploaded) VALUES (24,'Other',NULL,3,1)

INSERT INTO Folder (ID,Name,Parent,Store,Uploaded) VALUES (25,'Financial Statements',NULL,4,1)
INSERT INTO Folder (ID,Name,Parent,Store,Uploaded) VALUES (26,'Daily Summaries',NULL,4,0)
INSERT INTO Folder (ID,Name,Parent,Store,Uploaded) VALUES (27,'Purchase Journals',NULL,4,0)
INSERT INTO Folder (ID,Name,Parent,Store,Uploaded) VALUES (28,'Inventory Summaries',NULL,4,0)
INSERT INTO Folder (ID,Name,Parent,Store,Uploaded) VALUES (29,'Waste Tracking',NULL,4,0)
INSERT INTO Folder (ID,Name,Parent,Store,Uploaded) VALUES (30,'Payroll Statements',NULL,4,1)
INSERT INTO Folder (ID,Name,Parent,Store,Uploaded) VALUES (31,'Bank Statements',NULL,4,1)
INSERT INTO Folder (ID,Name,Parent,Store,Uploaded) VALUES (32,'Other',NULL,4,1)

INSERT INTO Folder (ID,Name,Parent,Store,Uploaded) VALUES (33,'Financial Statements',NULL,5,1)
INSERT INTO Folder (ID,Name,Parent,Store,Uploaded) VALUES (34,'Daily Summaries',NULL,5,0)
INSERT INTO Folder (ID,Name,Parent,Store,Uploaded) VALUES (35,'Purchase Journals',NULL,5,0)
INSERT INTO Folder (ID,Name,Parent,Store,Uploaded) VALUES (36,'Inventory Summaries',NULL,5,0)
INSERT INTO Folder (ID,Name,Parent,Store,Uploaded) VALUES (37,'Waste Tracking',NULL,5,0)
INSERT INTO Folder (ID,Name,Parent,Store,Uploaded) VALUES (38,'Payroll Statements',NULL,5,1)
INSERT INTO Folder (ID,Name,Parent,Store,Uploaded) VALUES (39,'Bank Statements',NULL,5,1)
INSERT INTO Folder (ID,Name,Parent,Store,Uploaded) VALUES (40,'Other',NULL,5,1)

INSERT INTO PersonFolder (ID,Folder,Person,Access) VALUES  (1,1,1,2)
INSERT INTO PersonFolder (ID,Folder,Person,Access) VALUES  (2,2,1,2)
INSERT INTO PersonFolder (ID,Folder,Person,Access) VALUES  (3,3,1,2)
INSERT INTO PersonFolder (ID,Folder,Person,Access) VALUES  (4,4,1,2)
INSERT INTO PersonFolder (ID,Folder,Person,Access) VALUES  (5,5,1,2)
INSERT INTO PersonFolder (ID,Folder,Person,Access) VALUES  (6,6,1,2)
INSERT INTO PersonFolder (ID,Folder,Person,Access) VALUES  (7,7,1,2)
INSERT INTO PersonFolder (ID,Folder,Person,Access) VALUES  (8,8,1,2)

INSERT INTO PersonFolder (ID,Folder,Person,Access) VALUES  (9,9,1,2)
INSERT INTO PersonFolder (ID,Folder,Person,Access) VALUES  (10,10,1,2)
INSERT INTO PersonFolder (ID,Folder,Person,Access) VALUES  (11,11,1,2)
INSERT INTO PersonFolder (ID,Folder,Person,Access) VALUES  (12,12,1,2)
INSERT INTO PersonFolder (ID,Folder,Person,Access) VALUES  (13,13,1,2)
INSERT INTO PersonFolder (ID,Folder,Person,Access) VALUES  (14,14,1,2)
INSERT INTO PersonFolder (ID,Folder,Person,Access) VALUES  (15,15,1,2)
INSERT INTO PersonFolder (ID,Folder,Person,Access) VALUES  (16,16,1,2)

INSERT INTO PersonFolder (ID,Folder,Person,Access) VALUES  (17,17,2,2)
INSERT INTO PersonFolder (ID,Folder,Person,Access) VALUES  (18,18,2,2)
INSERT INTO PersonFolder (ID,Folder,Person,Access) VALUES  (19,19,2,2)
INSERT INTO PersonFolder (ID,Folder,Person,Access) VALUES  (20,20,2,2)
INSERT INTO PersonFolder (ID,Folder,Person,Access) VALUES  (21,21,2,2)
INSERT INTO PersonFolder (ID,Folder,Person,Access) VALUES  (22,22,2,2)
INSERT INTO PersonFolder (ID,Folder,Person,Access) VALUES  (23,23,2,2)
INSERT INTO PersonFolder (ID,Folder,Person,Access) VALUES  (24,24,2,2)
INSERT INTO PersonFolder (ID,Folder,Person,Access) VALUES  (25,25,2,2)
INSERT INTO PersonFolder (ID,Folder,Person,Access) VALUES  (26,26,2,2)
INSERT INTO PersonFolder (ID,Folder,Person,Access) VALUES  (27,27,2,2)
INSERT INTO PersonFolder (ID,Folder,Person,Access) VALUES  (28,28,3,2)
INSERT INTO PersonFolder (ID,Folder,Person,Access) VALUES  (29,29,2,2)
INSERT INTO PersonFolder (ID,Folder,Person,Access) VALUES  (30,30,2,2)										
										
										
										
										
										
										
										
										
										
										
										
										
										
										
										
										
										
										
										
										
										
										
										
										




